fnid,country,admin1,admin2,product,season,harvest_end,indicator,1983,1984,1985,1986,1987,1988,1989,1990,1991,1992,1993,1994,1995,1996,1997,1998,1999,2000,2001,2002,2003,2004,2005,2006,2007,2008,2009,2010,2011,2012,2013,2014,2015,2016,2017,2018,2019,2020,2021
BF2001A20101,Burkina Faso,Boucle du Mouhoun,Bale,Maize,Main,12-01,yield,,0.647,1.02,1.23,1.782,1.759,1.663,1.021,1.624,1.438,1.691,1.534,1.001,1.733,0.93,1.2,1.262,1.213,1.751,1.22,1.607,1.091,1.588,2.04,1.013,1.52,1.782,1.857,1.797,1.905,2.523,2.112,2.116,2.046,,1.943,1.926,,
BF2001A20101,Burkina Faso,Boucle du Mouhoun,Bale,Sorghum,Main,12-01,yield,,0.878,0.855,0.928,0.696,0.901,0.851,0.602,0.955,0.987,0.986,0.754,0.819,1.07,0.775,0.776,0.822,0.729,1.136,0.941,1.066,1.05,1.213,1.601,1.224,1.105,1.3,1.502,1.329,1.312,1.49,1.054,1.067,1.288,,1.149,1.01,,
BF2001A20102,Burkina Faso,Boucle du Mouhoun,Banwa,Maize,Main,12-01,yield,,0.283,1.223,1.269,1.475,1.777,1.525,1.073,1.154,1.5,1.357,1.281,0.865,1.224,1.362,1.193,1.394,0.522,1.21,1.164,1.495,0.823,1.845,2.255,0.732,1.457,1.696,1.621,1.512,1.324,1.651,1.554,1.273,1.276,,1.364,1.516,,
BF2001A20102,Burkina Faso,Boucle du Mouhoun,Banwa,Sorghum,Main,12-01,yield,,0.918,0.981,1.091,0.771,0.792,0.861,0.504,0.913,1.054,1.026,0.839,0.925,1.069,0.841,0.84,0.865,0.581,1.037,0.966,1.046,1.111,0.957,1.242,0.751,0.957,1.049,1.045,1.031,1.038,1.137,1.174,0.986,0.858,,1.121,1.021,,
BF2001A20103,Burkina Faso,Boucle du Mouhoun,Kossi,Maize,Main,12-01,yield,,0.283,1.223,1.269,1.475,1.777,1.525,1.073,1.154,1.5,1.357,1.281,0.865,1.224,1.362,1.193,1.394,0.522,1.117,0.644,1.626,0.585,1.131,1.728,0.643,0.987,0.814,1.259,0.814,0.881,1.229,1.264,1.097,0.874,,1.096,1.07,,
BF2001A20103,Burkina Faso,Boucle du Mouhoun,Kossi,Sorghum,Main,12-01,yield,,0.918,0.981,1.091,0.771,0.792,0.861,0.504,0.913,1.054,1.026,0.839,0.925,1.069,0.841,0.84,0.865,0.581,1.428,0.705,1.209,0.929,1.077,1.219,0.964,1.032,0.879,1.109,0.896,0.902,1.101,0.934,1.267,0.85,,1.121,1.146,,
BF2001A20104,Burkina Faso,Boucle du Mouhoun,Mouhoun,Maize,Main,12-01,yield,,0.647,1.02,1.23,1.782,1.759,1.663,1.021,1.624,1.438,1.691,1.534,1.001,1.733,0.93,1.2,1.262,1.213,1.596,1.777,2.044,1.182,1.848,1.308,1.054,1.567,1.168,1.565,1.973,1.945,2.099,2.175,1.614,1.686,,1.624,1.684,,
BF2001A20104,Burkina Faso,Boucle du Mouhoun,Mouhoun,Sorghum,Main,12-01,yield,,0.878,0.855,0.928,0.696,0.901,0.851,0.602,0.955,0.987,0.986,0.754,0.819,1.07,0.775,0.776,0.822,0.729,2.052,1.017,0.979,1.108,1.221,1.533,1.091,1.123,1.036,1.165,0.94,1.264,1.079,1.129,1.115,1.046,,0.994,1.073,,
BF2001A20105,Burkina Faso,Boucle du Mouhoun,Nayala,Maize,Main,12-01,yield,,0.949,0.66,0.935,1.213,2.052,1.423,0.745,1.484,1.533,1.095,1.246,0.675,2.614,0.49,0.759,0.742,1.042,1.338,1.207,1.486,0.799,1.004,2.104,0.836,0.831,1.237,1.31,0.654,1.382,1.429,1.469,1.156,0.985,,1.4,1.161,,
BF2001A20105,Burkina Faso,Boucle du Mouhoun,Nayala,Sorghum,Main,12-01,yield,,0.433,0.695,0.73,0.478,0.673,0.708,0.335,0.939,0.947,0.781,0.536,0.724,1.015,0.376,0.69,0.679,0.531,1.984,0.921,1.207,0.679,0.764,0.973,0.922,0.721,1.011,1.177,0.811,1.03,1.201,0.912,0.69,0.775,,1.042,0.842,,
BF2001A20106,Burkina Faso,Boucle du Mouhoun,Sourou,Maize,Main,12-01,yield,,0.949,0.66,0.935,1.213,2.052,1.423,0.745,1.484,1.533,1.095,1.246,0.675,2.614,0.49,0.759,0.742,1.042,0.963,1.082,1.003,1.494,2.326,2.142,2.733,2.769,2.622,1.867,2.355,2.595,2.593,2.214,2.722,2.432,,1.869,1.97,,
BF2001A20106,Burkina Faso,Boucle du Mouhoun,Sourou,Sorghum,Main,12-01,yield,,0.433,0.695,0.73,0.478,0.673,0.708,0.335,0.939,0.947,0.781,0.536,0.724,1.015,0.376,0.69,0.679,0.531,1.978,0.954,0.87,0.695,0.903,1.329,0.68,0.678,1.215,1.174,0.893,1.375,1.188,0.904,1.099,0.643,,1.012,0.851,,
BF2001A20201,Burkina Faso,Cascades,Comoe,Maize,Main,12-01,yield,,0.034,1.141,1.031,1.05,1.127,1.119,1.31,1.87,0.837,1.791,1.977,1.242,1.78,1.743,1.341,1.463,1.376,1.522,2.224,1.349,1.704,1.854,2.761,1.397,1.968,1.727,1.352,1.525,1.663,1.638,1.98,2.03,2.072,,1.906,2.059,,
BF2001A20201,Burkina Faso,Cascades,Comoe,Sorghum,Main,12-01,yield,,0.991,1.066,0.856,0.801,0.889,0.66,0.483,1.464,0.707,1.048,0.955,1.272,1.107,1.301,1.753,1.934,2.568,2.239,1.605,1.114,0.765,1.201,0.938,1.324,1.177,1.378,1.461,1.867,1.851,1.396,1.53,1.096,1.339,,1.396,1.445,,
BF2001A20202,Burkina Faso,Cascades,Leraba,Maize,Main,12-01,yield,,0.083,1.139,1.035,1.048,1.149,1.131,1.304,1.86,0.945,1.681,1.932,1.269,1.76,1.763,1.399,1.513,1.394,1.939,1.916,1.488,1.483,2.239,2.136,1.813,1.837,1.581,1.882,2.3,2.073,2.139,2.149,1.922,2.058,,1.648,2.042,,
BF2001A20202,Burkina Faso,Cascades,Leraba,Sorghum,Main,12-01,yield,,0.878,1.062,0.876,0.814,0.902,0.697,0.573,1.437,0.717,1.029,0.931,1.249,1.065,1.251,1.707,1.75,2.127,1.637,1.817,2.091,2.066,1.366,2.067,1.424,0.954,1.836,1.709,1.61,1.984,2.057,1.635,2.193,1.528,,1.574,1.415,,
BF2001A20301,Burkina Faso,Centre,Kadiogo,Maize,Main,12-01,yield,,0.059,0.691,0.713,0.406,0.749,1.571,0.819,0.431,1.343,1.144,0.812,0.879,1.061,0.368,0.701,1.07,0.857,1.256,0.913,0.956,0.859,1.206,1.106,0.71,1.132,1.267,1.366,1.329,2.622,2.159,1.74,1.814,2.298,,1.562,1.749,,
BF2001A20301,Burkina Faso,Centre,Kadiogo,Sorghum,Main,12-01,yield,,0.461,0.746,0.747,0.462,0.64,0.713,0.564,1.012,1.091,0.981,0.38,0.825,0.859,0.594,0.708,0.861,0.656,2.196,0.937,0.823,0.489,1.286,0.928,0.65,0.816,0.992,1.217,0.939,1.294,1.117,1.127,1.017,0.99,,1.069,1.211,,
BF2001A20401,Burkina Faso,Centre-Est,Boulgou,Maize,Main,12-01,yield,,0.176,0.619,0.768,0.629,0.599,0.733,0.6,1.071,0.635,1.242,1.704,1.152,0.979,1.033,1.006,1.216,1.442,1.718,1.487,1.191,1.61,2.016,1.947,0.991,1.414,1.773,1.417,1.707,1.5,1.408,1.581,1.705,1.547,,1.701,1.518,,
BF2001A20401,Burkina Faso,Centre-Est,Boulgou,Sorghum,Main,12-01,yield,,0.014,0.787,0.836,0.735,0.594,0.916,0.534,0.787,1.211,1.381,0.341,1.281,1.295,1.069,1.044,1.179,1.093,2.141,1.225,1.086,0.376,1.36,1.306,1.065,1.467,1.242,1.421,1.373,1.234,1.203,1.275,0.91,1.273,,1.567,1.124,,
BF2001A20402,Burkina Faso,Centre-Est,Koulpelogo,Maize,Main,12-01,yield,,0.232,0.654,0.838,0.814,0.727,0.849,1.217,1.028,0.884,1.213,1.57,1.203,0.99,1.032,1.102,1.378,1.243,1.701,1.677,1.569,1.628,2.046,1.424,1.099,1.742,1.45,1.366,1.286,1.43,1.332,1.275,1.087,1.48,,1.286,1.625,,
BF2001A20402,Burkina Faso,Centre-Est,Koulpelogo,Sorghum,Main,12-01,yield,,0.138,0.774,0.837,0.762,0.666,0.895,0.723,0.788,1.037,1.292,0.447,1.23,1.173,1.049,1.04,1.137,1.074,2.352,1.34,1.091,0.133,1.634,1.449,1.078,1.383,1.217,1.356,1.133,1.19,1.093,1.206,0.93,1.507,,1.247,1.305,,
BF2001A20403,Burkina Faso,Centre-Est,Kouritenga,Maize,Main,12-01,yield,,0.414,0.5,0.7,0.8,0.8,0.8,,0.8,0.765,1.246,1.044,1.151,1.159,0.69,0.939,1.28,0.872,1.378,1.636,1.22,1.148,1.199,0.707,1.151,1.151,1.113,1.098,1.469,2.292,1.552,1.83,1.381,1.709,,1.536,1.627,,
BF2001A20403,Burkina Faso,Centre-Est,Kouritenga,Sorghum,Main,12-01,yield,,0.737,0.75,0.65,0.633,0.766,0.815,0.442,1.192,0.9,1.022,0.101,1.469,0.972,0.608,0.981,1.145,0.744,1.772,1.206,1.1,0.341,1.145,0.987,1.06,1.176,0.757,1.207,1.277,1.167,1.309,1.545,1.073,1.36,,1.3,1.384,,
BF2001A20501,Burkina Faso,Centre-Nord,Bam,Maize,Main,12-01,yield,,0.035,0.379,0.601,0.134,1.583,0.73,0.339,0.952,1.034,0.6,1.1,0.526,0.768,0.783,0.802,0.923,0.155,0.965,0.708,0.763,0.723,1.213,0.869,0.724,0.993,0.6,0.811,1.027,0.773,0.58,1.048,0.734,0.488,,0.754,0.822,,
BF2001A20501,Burkina Faso,Centre-Nord,Bam,Sorghum,Main,12-01,yield,,0.238,0.45,0.63,0.269,0.645,0.498,0.269,1.067,1.088,0.412,0.727,0.743,0.83,0.71,0.815,0.932,0.351,0.746,0.651,0.747,0.769,1.359,0.601,0.664,0.916,0.657,0.914,0.606,0.937,0.811,0.884,0.641,0.672,,0.816,0.924,,
BF2001A20502,Burkina Faso,Centre-Nord,Namentenga,Maize,Main,12-01,yield,,0.058,0.64,0.46,0.178,0.709,0.483,0.773,0.474,0.233,1.047,1.572,1.114,1.055,0.3,1.144,1.222,0.193,0.908,0.788,0.975,0.82,1.541,1.281,0.799,0.917,0.854,0.92,0.586,1.216,0.892,0.672,1.154,0.884,,0.82,0.998,,
BF2001A20502,Burkina Faso,Centre-Nord,Namentenga,Sorghum,Main,12-01,yield,,0.441,0.512,0.261,0.462,,0.443,0.336,0.75,0.821,0.751,0.574,0.369,0.776,0.381,0.993,0.898,0.549,0.54,0.814,0.869,0.974,1.292,1.173,0.833,0.83,0.804,0.932,0.646,0.922,0.945,0.892,0.621,0.793,,0.876,0.728,,
BF2001A20503,Burkina Faso,Centre-Nord,Sanmatenga,Maize,Main,12-01,yield,,0.109,0.725,0.617,0.153,1.445,0.617,1.048,0.5,0.488,1.003,0.806,0.894,0.783,0.21,1.012,0.97,0.479,0.953,0.678,0.983,0.628,1.366,0.697,0.67,1.255,0.728,1.147,0.803,1.669,0.998,0.678,0.806,0.879,,0.866,0.707,,
BF2001A20503,Burkina Faso,Centre-Nord,Sanmatenga,Sorghum,Main,12-01,yield,,0.376,0.514,0.618,0.328,0.704,0.474,0.498,0.881,1.0,0.737,0.613,0.894,0.637,0.365,0.764,0.691,0.589,1.471,0.686,1.026,0.865,1.344,0.784,0.705,0.98,0.619,0.996,0.718,1.238,0.847,1.011,0.853,0.73,,0.84,0.772,,
BF2001A20601,Burkina Faso,Centre-Ouest,Boulkiemde,Maize,Main,12-01,yield,,0.369,0.729,0.562,0.298,0.821,1.69,0.613,0.333,0.533,1.156,0.642,0.74,0.857,0.45,0.767,0.514,0.647,0.712,0.943,0.627,0.614,0.892,0.465,0.227,0.984,0.938,0.733,0.762,0.903,0.813,1.916,0.898,0.92,,1.599,0.828,,
BF2001A20601,Burkina Faso,Centre-Ouest,Boulkiemde,Sorghum,Main,12-01,yield,,0.65,0.719,0.615,0.439,0.684,0.61,0.406,0.541,0.395,0.863,0.39,0.74,0.646,0.453,0.521,0.407,0.576,0.651,0.732,0.62,0.52,0.956,0.921,0.624,0.824,0.643,0.675,0.595,0.708,0.678,0.867,0.653,0.774,,1.02,0.817,,
BF2001A20602,Burkina Faso,Centre-Ouest,Sanguie,Maize,Main,12-01,yield,,0.173,1.285,0.491,0.348,0.728,2.067,0.812,0.909,0.667,1.158,0.683,0.569,1.064,0.73,0.66,0.699,0.468,0.793,0.693,0.866,0.401,0.757,0.257,0.394,0.909,0.723,0.819,0.678,1.037,1.016,1.541,1.303,1.194,,1.843,1.566,,
BF2001A20602,Burkina Faso,Centre-Ouest,Sanguie,Sorghum,Main,12-01,yield,,0.633,0.624,0.621,0.564,0.779,0.668,0.502,0.964,0.426,0.881,0.616,0.596,0.745,0.517,0.497,0.611,0.596,0.682,0.512,0.708,0.703,0.819,0.635,0.696,0.733,0.754,0.732,0.615,1.046,0.949,1.007,0.714,0.887,,0.928,0.776,,
BF2001A20603,Burkina Faso,Centre-Ouest,Sissili,Maize,Main,12-01,yield,,0.471,0.653,1.02,0.738,0.861,1.316,1.171,1.429,0.944,1.54,1.489,1.405,1.513,1.79,1.488,1.939,1.604,1.603,1.589,1.224,1.272,1.425,1.834,1.174,1.758,1.81,1.565,1.724,2.098,1.798,1.916,2.074,1.785,,2.466,1.953,,
BF2001A20603,Burkina Faso,Centre-Ouest,Sissili,Sorghum,Main,12-01,yield,,0.562,0.762,0.779,0.706,0.798,0.814,0.54,0.776,0.564,0.93,0.759,0.844,1.028,0.784,0.937,0.992,0.874,2.063,0.931,0.821,0.794,0.93,1.536,1.257,1.266,1.082,1.078,1.114,1.235,1.033,1.261,1.117,1.18,,1.012,1.043,,
BF2001A20604,Burkina Faso,Centre-Ouest,Ziro,Maize,Main,12-01,yield,,0.471,0.653,1.02,0.738,0.861,1.316,1.171,1.429,0.944,1.54,1.489,1.405,1.513,1.79,1.488,1.939,1.604,0.924,1.736,0.756,0.509,1.598,0.72,1.402,0.967,0.792,0.75,0.418,0.947,1.008,1.489,1.213,0.788,,1.422,1.377,,
BF2001A20604,Burkina Faso,Centre-Ouest,Ziro,Sorghum,Main,12-01,yield,,0.562,0.762,0.779,0.706,0.798,0.814,0.54,0.776,0.564,0.93,0.759,0.844,1.028,0.784,0.937,0.992,0.874,2.225,1.077,1.226,0.886,1.356,1.273,1.33,1.007,0.984,1.019,1.144,0.961,1.095,1.663,1.225,0.998,,1.03,1.046,,
BF2001A20701,Burkina Faso,Centre-Sud,Bazega,Maize,Main,12-01,yield,,0.077,0.7,0.7,0.516,0.73,0.986,0.527,0.5,1.31,1.162,0.908,0.9,1.201,0.47,0.733,1.172,0.964,1.115,1.065,0.917,0.924,1.272,1.713,0.68,1.405,1.19,1.323,1.122,1.197,1.343,1.51,1.247,1.482,,1.35,1.335,,
BF2001A20701,Burkina Faso,Centre-Sud,Bazega,Sorghum,Main,12-01,yield,,0.512,0.8,0.8,0.501,0.58,1.028,0.586,1.018,1.111,1.067,0.305,0.856,0.989,0.853,0.815,1.037,0.895,1.969,1.127,0.927,0.29,1.159,0.765,0.845,1.216,0.895,1.052,0.898,1.087,1.082,1.217,1.063,1.087,,1.065,1.064,,
BF2001A20702,Burkina Faso,Centre-Sud,Nahouri,Maize,Main,12-01,yield,,0.313,0.8,0.906,0.748,1.046,0.957,1.1,1.5,2.0,2.52,0.766,0.9,1.511,0.9,0.901,1.531,1.504,1.834,1.549,1.261,1.255,1.465,1.337,0.649,1.164,1.351,1.246,1.921,1.193,1.619,1.537,1.95,1.669,,1.515,1.689,,
BF2001A20702,Burkina Faso,Centre-Sud,Nahouri,Sorghum,Main,12-01,yield,,0.526,0.65,0.904,0.591,0.582,0.885,0.403,0.911,1.0,1.259,0.394,0.89,1.131,1.038,1.101,1.035,1.189,1.859,1.738,2.153,1.094,1.048,1.589,1.167,1.156,1.192,1.05,1.148,1.482,1.43,1.2,1.175,1.318,,1.177,1.337,,
BF2001A20703,Burkina Faso,Centre-Sud,Zoundweogo,Maize,Main,12-01,yield,,,0.668,0.809,1.127,0.797,0.838,0.488,0.818,1.1,1.916,0.755,0.936,1.153,1.01,1.352,1.226,1.287,1.369,1.41,1.204,1.086,1.3,0.935,1.059,1.204,1.332,1.201,1.567,1.416,1.671,2.312,1.524,1.863,,1.661,1.84,,
BF2001A20703,Burkina Faso,Centre-Sud,Zoundweogo,Sorghum,Main,12-01,yield,,0.74,0.947,0.895,1.268,1.261,0.789,0.614,1.186,1.115,1.097,0.264,1.237,1.395,1.103,1.117,1.132,1.115,2.151,1.263,1.146,0.129,1.258,1.802,1.434,1.087,1.177,1.208,1.537,1.18,1.339,1.349,0.952,1.414,,1.21,1.389,,
BF2001A20801,Burkina Faso,Est,Gnagna,Maize,Main,12-01,yield,,,1.1,0.8,0.599,1.474,0.74,0.554,0.379,1.055,1.132,1.44,0.987,0.924,0.4,1.344,1.445,0.133,0.876,1.022,1.186,0.818,1.212,0.552,0.979,1.436,0.876,1.314,0.421,0.897,0.629,0.656,0.738,1.024,,0.93,1.021,,
BF2001A20801,Burkina Faso,Est,Gnagna,Sorghum,Main,12-01,yield,,0.732,0.869,0.937,0.827,0.832,0.861,0.646,0.741,0.776,0.943,0.951,1.006,1.098,0.625,1.063,0.869,0.363,2.197,1.174,1.077,1.141,1.161,1.021,0.696,1.031,0.607,0.807,0.682,0.773,0.98,0.939,0.691,1.077,,0.866,0.785,,
BF2001A20802,Burkina Faso,Est,Gourma,Maize,Main,12-01,yield,,1.45,0.851,0.965,0.893,1.072,1.222,1.302,0.938,1.825,1.133,1.423,1.331,1.008,1.03,1.2,1.553,1.058,1.293,1.182,1.123,0.798,1.124,0.754,0.618,1.119,1.407,1.234,1.327,1.525,1.418,1.802,1.069,1.333,,1.184,1.391,,
BF2001A20802,Burkina Faso,Est,Gourma,Sorghum,Main,12-01,yield,,0.691,0.739,0.838,0.84,0.909,0.844,0.902,0.789,0.833,1.058,0.644,1.082,0.89,0.998,1.03,1.014,1.028,2.431,0.987,0.919,0.755,1.13,0.698,0.544,0.811,1.337,1.126,1.115,1.009,0.799,1.296,0.691,1.23,,0.996,1.206,,
BF2001A20803,Burkina Faso,Est,Komondjari,Maize,Main,12-01,yield,,1.45,0.851,0.965,0.893,1.072,1.222,1.302,0.938,1.825,1.133,1.423,1.331,1.008,1.03,1.2,1.553,1.058,0.834,1.106,1.356,0.692,0.946,0.573,0.706,2.012,1.365,1.016,0.799,1.475,0.745,1.416,0.902,0.699,,0.445,0.495,,
BF2001A20803,Burkina Faso,Est,Komondjari,Sorghum,Main,12-01,yield,,0.691,0.739,0.838,0.84,0.909,0.844,0.902,0.789,0.833,1.058,0.644,1.082,0.89,0.998,1.03,1.014,1.028,2.044,0.95,0.905,0.904,0.978,0.695,0.709,1.263,0.74,0.841,0.746,1.008,0.886,1.318,0.729,0.721,,0.676,0.741,,
BF2001A20804,Burkina Faso,Est,Kompienga,Maize,Main,12-01,yield,,1.45,0.851,0.965,0.893,1.072,1.222,1.302,0.938,1.825,1.133,1.423,1.331,1.008,1.03,1.2,1.553,1.058,0.907,1.616,0.915,1.242,1.409,1.49,0.712,1.316,1.462,1.058,0.904,1.946,2.109,1.421,1.829,1.632,,1.547,1.214,,
BF2001A20804,Burkina Faso,Est,Kompienga,Sorghum,Main,12-01,yield,,0.691,0.739,0.838,0.84,0.909,0.844,0.902,0.789,0.833,1.058,0.644,1.082,0.89,0.998,1.03,1.014,1.028,1.545,1.208,1.048,0.677,1.099,1.206,0.69,1.211,1.009,1.017,0.767,1.05,0.933,1.023,0.95,1.131,,0.982,0.915,,
BF2001A20805,Burkina Faso,Est,Tapoa,Maize,Main,12-01,yield,,0.837,0.938,1.316,1.079,0.798,1.2,1.156,1.409,1.474,2.137,1.492,1.063,1.768,0.9,1.14,1.199,0.959,1.492,1.538,1.465,2.059,1.116,0.754,1.35,1.823,0.868,1.214,1.36,2.721,1.455,1.567,1.574,1.674,,1.36,1.362,,
BF2001A20805,Burkina Faso,Est,Tapoa,Sorghum,Main,12-01,yield,,0.826,0.957,0.948,0.5,0.659,0.778,0.695,0.475,0.537,0.493,0.854,1.08,0.836,0.851,0.64,0.961,0.863,2.019,1.264,1.216,1.401,0.905,0.965,1.04,1.573,0.861,0.979,1.26,1.149,1.208,1.689,1.597,1.271,,1.085,1.341,,
BF2001A20901,Burkina Faso,Hauts-Bassins,Houet,Maize,Main,12-01,yield,,0.964,1.294,1.27,1.182,1.5,1.217,1.609,1.941,2.567,1.187,1.762,1.283,1.772,1.891,1.554,1.767,1.568,1.946,1.495,1.566,1.296,2.197,2.612,1.311,2.204,1.865,1.725,1.924,1.888,1.949,2.272,1.929,1.721,,1.717,1.813,,
BF2001A20901,Burkina Faso,Hauts-Bassins,Houet,Sorghum,Main,12-01,yield,,1.115,1.035,1.044,1.018,0.978,1.068,0.871,1.473,1.259,0.945,0.893,1.11,0.993,1.105,1.032,1.09,0.895,1.82,0.82,1.008,0.806,1.343,1.52,1.066,1.201,1.239,1.186,1.149,1.233,1.232,1.261,1.259,0.906,,1.019,1.034,,
BF2001A20902,Burkina Faso,Hauts-Bassins,Kenedougou,Maize,Main,12-01,yield,,0.879,1.109,1.086,1.017,1.6,1.313,1.2,1.8,2.2,1.181,1.643,1.425,1.615,1.895,1.848,1.948,1.575,2.494,2.76,2.15,1.626,2.438,2.233,1.666,1.894,1.594,1.658,1.636,2.121,1.98,2.519,2.479,2.388,,2.009,1.995,,
BF2001A20902,Burkina Faso,Hauts-Bassins,Kenedougou,Sorghum,Main,12-01,yield,,0.052,1.032,1.012,0.914,1.073,0.945,1.015,1.071,0.923,0.824,0.684,1.059,0.786,0.767,1.215,1.02,0.838,1.997,1.574,1.082,0.866,0.975,1.319,1.321,1.118,1.125,0.944,1.068,0.833,0.787,1.028,1.695,0.987,,1.047,1.112,,
BF2001A20903,Burkina Faso,Hauts-Bassins,Tuy,Maize,Main,12-01,yield,,0.792,1.348,1.159,1.168,1.27,1.134,1.498,1.797,1.88,1.219,1.744,1.183,1.745,1.814,1.436,1.572,1.406,1.944,1.586,1.855,1.132,1.789,1.939,1.241,1.871,1.765,1.701,1.847,2.038,2.298,2.331,2.513,2.67,,2.109,2.529,,
BF2001A20903,Burkina Faso,Hauts-Bassins,Tuy,Sorghum,Main,12-01,yield,,0.445,0.943,0.927,0.765,0.763,0.846,0.622,1.158,1.233,0.935,0.619,1.035,1.068,0.998,0.957,0.995,0.84,2.005,0.984,0.981,0.931,1.157,1.876,1.006,1.127,0.933,1.034,1.033,1.276,1.207,1.33,1.529,1.006,,1.108,0.933,,
BF2001A21001,Burkina Faso,Nord,Loroum,Maize,Main,12-01,yield,,0.438,0.284,0.517,0.222,0.728,1.036,0.322,0.591,1.188,0.925,0.901,0.397,0.943,0.46,0.977,0.752,0.358,0.683,0.181,0.97,0.307,1.116,0.906,1.342,0.836,0.965,1.82,0.438,1.141,1.032,0.762,1.049,0.631,,0.699,0.746,,
BF2001A21001,Burkina Faso,Nord,Loroum,Sorghum,Main,12-01,yield,,0.594,0.577,0.623,0.483,0.694,0.662,0.165,0.722,0.786,0.59,0.775,0.546,0.843,0.486,0.96,0.771,0.51,1.702,0.411,0.917,0.66,1.171,1.869,1.498,0.924,1.095,0.949,0.916,1.23,1.007,1.309,1.327,1.017,,1.459,1.475,,
BF2001A21002,Burkina Faso,Nord,Passore,Maize,Main,12-01,yield,,,0.4,,0.19,1.042,0.925,0.339,0.692,1.077,1.029,0.745,0.292,0.957,0.215,0.697,0.849,0.179,0.948,0.749,0.847,0.732,1.189,0.597,0.805,0.963,0.772,0.835,0.39,1.205,0.886,1.423,0.877,0.658,,0.905,0.689,,
BF2001A21002,Burkina Faso,Nord,Passore,Sorghum,Main,12-01,yield,,,0.569,,0.365,0.813,0.588,0.273,0.782,0.922,0.712,0.604,0.665,0.788,0.382,0.682,0.792,0.553,1.529,0.784,0.805,0.755,1.157,0.873,0.95,0.832,0.841,1.068,0.57,1.444,1.09,1.373,0.871,0.691,,0.95,0.921,,
BF2001A21003,Burkina Faso,Nord,Yatenga,Maize,Main,12-01,yield,,0.438,0.284,0.517,0.222,0.728,1.036,0.322,0.591,1.188,0.925,0.901,0.397,0.943,0.46,0.977,0.752,0.358,1.742,0.627,1.692,1.346,1.246,1.662,0.927,1.754,1.274,1.264,1.539,1.463,1.341,2.014,1.519,1.386,,1.105,0.744,,
BF2001A21003,Burkina Faso,Nord,Yatenga,Sorghum,Main,12-01,yield,,0.594,0.577,0.623,0.483,0.694,0.662,0.165,0.722,0.786,0.59,0.775,0.546,0.843,0.486,0.96,0.771,0.51,0.947,0.762,0.798,0.886,0.817,1.833,0.948,0.786,0.829,0.781,0.457,0.914,1.081,1.15,1.18,0.751,,1.081,0.907,,
BF2001A21004,Burkina Faso,Nord,Zondoma,Maize,Main,12-01,yield,,0.438,0.284,0.517,0.222,0.728,1.036,0.322,0.591,1.188,0.925,0.901,0.397,0.943,0.46,0.977,0.752,0.358,1.231,0.627,0.877,0.568,1.176,0.955,0.859,0.971,0.657,1.015,0.359,1.29,1.158,1.462,1.322,0.776,,1.054,1.028,,
BF2001A21004,Burkina Faso,Nord,Zondoma,Sorghum,Main,12-01,yield,,0.594,0.577,0.623,0.483,0.694,0.662,0.165,0.722,0.786,0.59,0.775,0.546,0.843,0.486,0.96,0.771,0.51,2.407,0.713,0.898,0.756,0.998,0.842,0.924,0.838,0.76,1.067,0.581,1.118,1.04,1.28,0.936,0.625,,1.052,0.978,,
BF2001A21101,Burkina Faso,Plateau Central,Ganzourgou,Maize,Main,12-01,yield,,0.191,0.697,0.784,,0.971,0.834,0.964,0.6,1.897,1.167,1.142,0.93,1.505,0.47,1.431,1.642,0.647,1.223,1.025,0.895,1.497,1.431,1.171,0.819,1.406,1.333,1.275,1.736,1.64,1.866,1.573,1.502,1.542,,1.353,1.244,,
BF2001A21101,Burkina Faso,Plateau Central,Ganzourgou,Sorghum,Main,12-01,yield,,0.017,0.654,0.71,,0.92,0.848,0.933,1.066,0.782,0.931,0.309,0.981,0.993,0.56,1.048,1.044,0.641,1.956,1.085,0.886,0.296,1.511,1.246,1.09,1.104,0.921,1.057,1.099,1.059,1.226,1.203,1.031,1.128,,0.933,0.808,,
BF2001A21102,Burkina Faso,Plateau Central,Kourweogo,Maize,Main,12-01,yield,,0.053,0.7,0.8,0.272,0.71,2.155,1.153,0.6,1.333,1.155,0.739,0.902,0.84,0.222,0.66,0.88,0.756,0.551,1.031,0.609,0.362,1.059,0.768,0.499,0.83,0.419,0.634,0.581,0.907,0.737,0.939,0.677,0.577,,0.924,1.015,,
BF2001A21102,Burkina Faso,Plateau Central,Kourweogo,Sorghum,Main,12-01,yield,,0.309,0.7,0.7,0.448,0.603,0.631,0.535,0.993,1.077,0.869,0.428,0.769,0.683,0.381,0.605,0.661,0.504,1.221,0.779,0.592,0.386,1.008,1.09,0.715,0.844,0.568,0.704,0.471,0.974,0.724,0.793,0.433,0.716,,0.963,0.899,,
BF2001A21103,Burkina Faso,Plateau Central,Oubritenga,Maize,Main,12-01,yield,,0.053,0.7,0.8,0.272,0.71,2.155,1.153,0.6,1.333,1.155,0.739,0.902,0.84,0.222,0.66,0.88,0.756,0.973,0.675,0.747,0.429,1.278,0.957,0.479,0.913,0.823,0.967,1.141,1.26,1.247,1.425,0.714,1.182,,1.202,1.148,,
BF2001A21103,Burkina Faso,Plateau Central,Oubritenga,Sorghum,Main,12-01,yield,,0.309,0.7,0.7,0.448,0.603,0.631,0.535,0.993,1.077,0.869,0.428,0.769,0.683,0.381,0.605,0.661,0.504,1.56,0.737,0.725,0.457,1.302,0.822,0.801,0.667,0.761,0.901,0.866,0.935,0.964,0.881,0.55,0.909,,0.979,0.929,,
BF2001A21201,Burkina Faso,Sahel,Oudalan,Maize,Main,12-01,yield,,,,,,,,,,,1.5,,,0.138,0.79,0.571,,,,,,,2.321,0.5,1.175,0.83,0.281,0.357,1.26,,0.22,,0.048,0.095,,0.277,0.461,,
BF2001A21201,Burkina Faso,Sahel,Oudalan,Sorghum,Main,12-01,yield,,,0.436,0.301,0.761,0.4,0.225,0.369,1.0,0.545,0.527,0.861,0.501,0.242,1.441,0.999,1.904,1.591,0.784,0.593,1.398,0.492,0.862,2.872,1.71,0.689,1.179,0.803,2.841,0.619,0.774,0.032,0.283,0.4,,1.73,2.497,,
BF2001A21202,Burkina Faso,Sahel,Seno,Maize,Main,12-01,yield,,,0.348,0.45,,0.66,0.876,0.426,,1.0,0.753,0.868,0.43,0.253,0.158,1.076,1.2,0.473,0.6,,1.333,0.195,0.739,0.343,1.356,0.545,0.443,0.56,0.633,0.35,0.805,0.851,0.969,0.416,,1.134,0.46,,
BF2001A21202,Burkina Faso,Sahel,Seno,Sorghum,Main,12-01,yield,,,0.646,0.533,,0.5,0.582,0.768,1.039,1.415,0.775,0.735,0.608,0.553,0.401,0.955,0.677,0.45,0.718,0.594,1.035,0.508,0.909,0.313,1.021,0.699,0.632,0.731,1.189,0.648,0.673,0.693,0.541,0.691,,0.755,0.722,,
BF2001A21203,Burkina Faso,Sahel,Soum,Maize,Main,12-01,yield,,,0.059,0.25,,0.622,0.738,0.307,0.7,0.143,0.359,0.661,0.225,0.442,0.132,0.709,0.501,0.233,0.866,0.375,0.662,0.112,0.526,0.463,0.411,0.757,0.452,1.483,2.067,1.211,1.201,0.929,0.739,0.657,,0.728,0.66,,
BF2001A21203,Burkina Faso,Sahel,Soum,Sorghum,Main,12-01,yield,,,0.177,0.326,0.433,,0.528,0.364,1.0,0.667,0.561,0.788,0.446,0.441,0.371,0.648,0.569,0.485,1.106,0.788,0.825,0.592,0.63,0.925,1.838,0.644,0.633,0.714,0.702,1.138,0.599,0.747,0.605,0.494,,0.678,0.794,,
BF2001A21204,Burkina Faso,Sahel,Yagha,Maize,Main,12-01,yield,,,0.348,0.45,,0.66,0.876,0.426,,1.0,0.753,0.868,0.43,0.253,0.158,1.076,1.2,0.473,0.66,0.966,0.6,0.584,1.232,0.607,0.85,0.507,0.889,0.829,0.393,1.645,1.048,0.792,1.09,0.834,,0.815,0.647,,
BF2001A21204,Burkina Faso,Sahel,Yagha,Sorghum,Main,12-01,yield,,,0.646,0.533,,0.5,0.582,0.768,1.039,1.415,0.775,0.735,0.608,0.553,0.401,0.955,0.677,0.45,0.981,1.064,0.941,1.118,1.428,0.958,1.024,0.592,0.801,0.769,0.585,0.863,0.884,0.642,0.901,0.93,,0.759,0.656,,
BF2001A21301,Burkina Faso,Sud-Ouest,Bougouriba,Maize,Main,12-01,yield,,0.45,1.42,0.95,1.143,0.925,0.895,1.345,1.557,1.417,1.271,1.696,0.94,1.651,1.56,1.114,1.134,1.118,1.406,1.485,1.371,1.893,1.202,1.509,1.032,1.093,1.074,1.007,0.918,1.193,1.077,1.482,1.536,1.66,,1.585,1.294,,
BF2001A21301,Burkina Faso,Sud-Ouest,Bougouriba,Sorghum,Main,12-01,yield,,0.014,0.861,0.813,0.578,0.527,0.639,0.497,0.981,1.214,0.927,0.387,0.952,1.134,0.911,0.886,0.89,0.786,2.44,1.077,1.047,0.856,0.968,1.005,1.58,0.854,0.988,0.91,0.913,1.062,0.986,1.151,1.11,1.076,,1.146,0.957,,
BF2001A21302,Burkina Faso,Sud-Ouest,Ioba,Maize,Main,12-01,yield,,0.45,1.42,0.95,1.143,0.925,0.895,1.345,1.557,1.417,1.271,1.696,0.94,1.651,1.56,1.114,1.134,1.118,1.326,1.157,1.065,0.921,0.909,1.331,0.826,1.35,1.409,0.99,0.809,1.087,1.381,1.696,1.584,1.587,,1.31,1.371,,
BF2001A21302,Burkina Faso,Sud-Ouest,Ioba,Sorghum,Main,12-01,yield,,0.014,0.861,0.813,0.578,0.527,0.639,0.497,0.981,1.214,0.927,0.387,0.952,1.134,0.911,0.886,0.89,0.786,1.527,0.896,0.932,0.368,0.812,1.064,0.587,1.129,1.11,0.854,0.708,0.905,0.895,1.157,0.883,0.998,,1.04,1.176,,
BF2001A21303,Burkina Faso,Sud-Ouest,Noumbiel,Maize,Main,12-01,yield,,0.08,0.735,0.8,0.901,0.693,0.851,0.759,1.759,0.852,1.016,1.163,1.204,1.483,1.326,1.282,1.31,2.007,0.66,1.72,1.236,1.926,1.098,2.094,0.786,0.818,1.766,1.083,1.177,1.108,0.514,0.759,0.679,1.148,,1.557,1.272,,
BF2001A21303,Burkina Faso,Sud-Ouest,Noumbiel,Sorghum,Main,12-01,yield,,0.65,0.732,0.75,0.499,0.466,0.641,0.829,0.878,0.926,0.872,0.453,0.911,0.93,1.153,1.19,1.122,0.858,1.909,1.072,0.869,0.81,0.647,1.05,1.702,0.636,2.183,1.045,0.987,1.076,0.597,0.991,0.708,1.582,,1.415,2.217,,
BF2001A21304,Burkina Faso,Sud-Ouest,Poni,Maize,Main,12-01,yield,,0.075,0.776,0.814,0.911,0.724,0.877,0.802,1.766,0.851,1.051,1.199,1.21,1.508,1.356,1.287,1.324,1.952,0.733,1.709,2.327,1.568,0.907,1.444,0.626,1.52,1.259,1.03,1.264,1.375,1.153,1.353,1.107,1.386,,1.534,1.191,,
BF2001A21304,Burkina Faso,Sud-Ouest,Poni,Sorghum,Main,12-01,yield,,0.675,0.737,0.752,0.506,0.476,0.641,0.826,0.888,0.921,0.876,0.46,0.915,0.932,1.155,1.194,1.126,0.865,1.282,1.254,0.987,0.739,0.774,1.37,1.012,1.231,1.487,1.308,1.557,1.58,1.183,1.905,1.232,1.558,,1.294,1.377,,
MW2007A20101,Malawi,Northern,Chitipa,Maize,Main,07-01,yield,,1.534,1.7,1.061,0.987,1.041,1.293,1.08,1.107,0.6,1.712,0.639,1.446,1.673,0.894,1.307,1.844,1.463,0.861,1.362,1.442,1.195,1.24,1.731,2.211,2.276,2.836,2.824,3.104,3.189,3.219,3.378,2.918,2.836,3.235,,,,
MW2007A20101,Malawi,Northern,Chitipa,Sorghum,Main,07-01,yield,0.4,0.5,,,,,,,,,0.385,1.385,0.818,,0.664,0.5,,,0.4,0.429,0.82,0.587,0.587,0.75,,0.755,0.781,0.781,0.792,0.807,0.839,0.833,0.742,0.744,0.736,,,,
MW2007A20101,Malawi,Northern,Chitipa,Wheat,Main,07-01,yield,,,,,,,,,,,,,,,,,,,,,,,,,,4.8,1.2,1.289,2.695,2.862,2.708,2.667,2.692,,,,,,
MW2007A20102,Malawi,Northern,Karonga,Maize,Main,07-01,yield,,1.302,0.903,1.027,0.923,0.805,0.864,0.703,0.811,0.196,1.2,0.967,1.431,1.227,0.352,1.492,1.472,1.005,1.302,1.228,0.796,0.755,0.86,1.619,1.502,1.691,2.445,2.212,2.477,1.783,2.174,1.356,1.448,1.546,1.417,,,,
MW2007A20102,Malawi,Northern,Karonga,Sorghum,Main,07-01,yield,0.4,0.4,,0.722,0.514,0.512,0.519,0.483,0.3,0.5,0.505,1.083,0.973,,0.468,0.503,,,0.357,0.968,0.693,0.705,0.821,0.909,0.92,0.792,0.885,0.839,0.848,0.857,0.864,0.769,0.858,1.032,0.923,,,,
MW2007A20103,Malawi,Northern,Nkhata Bay,Maize,Main,07-01,yield,,1.165,1.063,1.064,1.079,1.274,1.001,0.932,0.807,0.776,1.088,0.938,1.324,1.489,1.55,1.471,2.095,2.069,1.837,1.569,1.322,1.288,1.439,2.389,2.618,2.217,2.888,2.838,3.042,2.774,2.579,2.304,1.777,1.685,1.761,,,,
MW2007A20103,Malawi,Northern,Nkhata Bay,Wheat,Main,07-01,yield,,,,,,,,,,,,,,,,,,,,,,,,,,2.0,2.556,2.704,2.706,2.625,,,,,,,,,
MW2007A20104,Malawi,Northern,Rumphi,Maize,Main,07-01,yield,,1.745,1.523,1.424,1.163,1.227,1.251,1.48,1.341,0.742,1.945,0.824,1.41,1.9,1.526,1.785,2.252,1.997,1.54,1.269,1.064,1.159,1.061,2.226,2.831,2.373,3.257,2.661,2.883,2.614,2.217,2.179,1.399,1.648,2.622,,,,
MW2007A20104,Malawi,Northern,Rumphi,Sorghum,Main,07-01,yield,,,,,,,,,,,,,0.511,,0.467,,,,,,,,,,,,,,,,,,,,,,,,
MW2007A20104,Malawi,Northern,Rumphi,Wheat,Main,07-01,yield,,,,,,,,,,,,,,,,,,,,,,,,,,2.318,2.293,1.714,1.765,1.714,1.432,1.583,1.333,1.0,1.0,,,,
MW2007A20105,Malawi,Northern,Mzimba,Maize,Main,07-01,yield,,1.432,1.081,1.146,1.006,1.288,1.083,1.22,1.221,0.935,1.382,0.981,0.963,1.022,0.972,1.161,1.88,1.504,1.015,0.843,0.783,1.147,0.911,2.522,2.23,1.613,2.323,2.035,2.245,2.104,1.608,2.027,1.419,1.324,1.681,,,,
MW2007A20105,Malawi,Northern,Mzimba,Sorghum,Main,07-01,yield,,,,,,,,,,,,,0.636,,0.438,0.667,,,,,,,,,,,,,,,,,,,,,,,
MW2007A20105,Malawi,Northern,Mzimba,Wheat,Main,07-01,yield,,,,,,,,,,,,,,,,,,,,,,,,1.0,,2.909,3.08,2.767,2.75,2.76,,,1.922,,,,,,
MW2007A20106,Malawi,Northern,Likoma,Maize,Main,07-01,yield,,,,,,,,,,,,,,,,,,,,,,,0.607,1.922,1.375,1.95,2.378,2.138,2.149,1.888,1.658,1.759,1.716,1.525,1.892,,,,
MW2007A20201,Malawi,Central,Kasungu,Maize,Main,07-01,yield,,1.441,1.434,1.3,1.111,1.434,1.317,1.318,1.275,0.83,2.238,1.164,1.604,1.97,1.893,2.02,2.158,2.2,1.465,1.258,1.658,0.879,0.958,0.947,2.156,2.281,2.652,2.656,2.805,2.554,2.346,2.384,1.874,1.534,,,,,
MW2007A20201,Malawi,Central,Kasungu,Sorghum,Main,07-01,yield,,,,,,,,,,,,,,,0.35,0.333,,,0.438,0.455,0.462,0.481,0.407,0.483,0.583,0.524,0.571,0.558,0.768,0.968,0.852,0.84,0.849,0.679,,,,,
MW2007A20202,Malawi,Central,Nkhotakota,Maize,Main,07-01,yield,,1.366,1.551,1.199,1.13,1.474,1.476,1.264,1.458,0.6,2.497,1.409,1.974,2.209,2.053,1.631,2.444,2.256,1.144,1.368,1.401,0.913,0.837,1.782,1.709,1.677,2.717,2.879,3.053,2.948,2.902,3.194,2.492,2.254,2.4,,,,
MW2007A20202,Malawi,Central,Nkhotakota,Sorghum,Main,07-01,yield,,,,,,,,,,,,,0.571,,0.6,0.633,,,0.692,0.421,0.389,0.423,0.423,0.571,0.762,0.652,0.647,0.651,0.75,0.69,0.707,0.704,0.571,0.654,0.624,,,,
MW2007A20203,Malawi,Central,Ntchisi,Maize,Main,07-01,yield,,1.737,1.496,1.342,1.25,1.326,1.799,1.337,1.396,1.144,1.951,0.976,1.389,1.563,1.604,1.464,1.801,1.957,1.38,1.189,1.512,0.894,1.041,1.627,2.18,2.41,2.65,2.941,2.468,3.025,2.909,3.222,2.561,3.165,,,,,
MW2007A20203,Malawi,Central,Ntchisi,Sorghum,Main,07-01,yield,,,,,,,,,,,,,,,0.583,0.526,,,0.679,0.688,0.656,,,,,,,,,,,,,,,,,,
MW2007A20203,Malawi,Central,Ntchisi,Wheat,Main,07-01,yield,,,,,,,,,,,,,,,,,,,,,,0.409,0.273,,,,1.556,2.267,2.353,2.571,2.083,2.133,,2.167,,,,,
MW2007A20204,Malawi,Central,Dowa,Maize,Main,07-01,yield,,1.479,1.495,1.425,1.387,1.221,1.55,1.19,1.252,0.736,2.368,0.774,1.475,1.789,1.066,1.049,1.295,1.57,0.977,0.915,1.21,0.869,0.98,1.345,1.754,1.71,2.483,2.4,2.573,2.445,1.91,2.45,1.615,1.417,,,,,
MW2007A20204,Malawi,Central,Dowa,Sorghum,Main,07-01,yield,,,,,,,,,,,,,,,0.429,0.4,,,0.6,0.641,0.725,0.912,0.474,0.784,1.083,0.649,1.038,1.186,1.053,1.07,1.061,1.0,0.916,0.86,,,,,
MW2007A20204,Malawi,Central,Dowa,Wheat,Main,07-01,yield,,,,,,,,,,,,,,,,,,,,,,,,,,,,2.571,1.857,,,,,,,,,,
MW2007A20205,Malawi,Central,Salima,Maize,Main,07-01,yield,,1.524,1.072,1.059,1.024,1.133,1.094,0.875,1.147,0.285,1.963,0.498,0.903,1.711,1.3,1.079,2.343,1.962,1.342,1.211,1.41,0.594,0.544,1.557,1.624,1.625,2.371,2.239,2.372,1.751,1.774,2.505,1.385,1.511,2.002,,,,
MW2007A20205,Malawi,Central,Salima,Sorghum,Main,07-01,yield,0.478,0.4,,0.421,0.5,0.35,0.357,0.398,0.174,0.471,0.432,0.324,0.867,,1.135,0.9,,,0.574,0.726,0.556,0.505,0.444,0.795,0.795,0.735,0.785,0.855,0.917,0.797,0.826,0.949,0.792,0.801,0.863,,,,
MW2007A20206,Malawi,Central,Lilongwe,Maize,Main,07-01,yield,,,,,,,,,,,,,,,,,,,,,,1.134,1.059,1.386,2.179,1.719,2.15,2.429,2.729,2.572,2.747,2.76,2.08,1.961,2.277,,,,
MW2007A20206,Malawi,Central,Lilongwe,Sorghum,Main,07-01,yield,,,,,,,,,,,,,0.649,,,0.438,,,,,,,,,,,,,,,,,,,,,,,
MW2007A20206,Malawi,Central,Lilongwe,Wheat,Main,07-01,yield,,,,,,,,,,,,,,,,,,,,,,,,,,,0.8,,,,,,,,,,,,
MW2007A20207,Malawi,Central,Mchinji,Maize,Main,07-01,yield,,1.435,1.586,1.291,1.053,1.27,1.737,1.499,1.566,0.513,2.221,1.378,1.484,1.645,1.212,1.294,1.769,1.698,1.151,1.388,1.608,0.893,1.092,2.15,2.277,2.161,2.551,2.499,2.567,2.471,2.469,2.536,1.555,1.726,,,,,
MW2007A20207,Malawi,Central,Mchinji,Sorghum,Main,07-01,yield,,,,,,,,,,,,,,,0.302,0.346,,,0.5,0.5,0.556,0.5,0.5,0.565,0.4,,,0.833,1.0,0.826,1.0,1.0,1.0,,,,,,
MW2007A20208,Malawi,Central,Dedza,Maize,Main,07-01,yield,,0.911,0.977,1.031,1.007,1.041,0.857,0.695,1.052,0.524,1.481,0.814,0.945,1.383,0.873,1.167,1.306,1.273,0.911,0.858,1.043,0.809,0.797,1.006,1.387,1.316,1.719,1.708,1.933,1.933,1.833,2.059,1.732,1.621,1.887,,,,
MW2007A20208,Malawi,Central,Dedza,Sorghum,Main,07-01,yield,0.872,0.458,,0.5,0.502,0.487,0.53,0.721,0.049,0.632,0.206,0.416,0.825,,0.642,0.69,,,0.719,0.655,0.732,3.53,0.581,0.733,0.728,0.882,0.846,0.825,0.943,0.902,0.862,0.923,0.819,0.782,0.876,,,,
MW2007A20208,Malawi,Central,Dedza,Wheat,Main,07-01,yield,,,,,,,,,,,,,,,,,,,,,,,,,,,1.296,1.192,1.238,1.238,1.227,,,,,,,,
MW2007A20209,Malawi,Central,Ntcheu,Maize,Main,07-01,yield,,1.262,1.174,0.945,1.105,1.15,1.08,0.932,1.03,0.204,1.271,0.547,1.056,1.611,0.979,1.015,1.552,1.411,0.95,0.994,1.062,0.858,0.763,1.168,1.65,1.398,1.772,1.869,1.763,1.519,1.628,1.768,1.12,1.038,1.588,,,,
MW2007A20209,Malawi,Central,Ntcheu,Sorghum,Main,07-01,yield,,,,,,,,,,,,,0.661,,0.626,0.632,,,0.697,0.728,0.779,0.413,0.413,0.705,0.827,0.841,0.871,0.892,0.839,0.796,0.819,0.779,0.681,0.494,,,,,
MW2007A20209,Malawi,Central,Ntcheu,Wheat,Main,07-01,yield,,,,,,,,,,,,,,,,,,,,,,1.126,0.847,0.183,0.905,1.124,0.856,0.948,,,,,,,,,,,
MW2007A20301,Malawi,Southern,Mangochi,Maize,Main,07-01,yield,,0.775,0.961,0.797,0.759,0.922,0.882,1.147,1.047,0.32,1.376,0.367,1.091,1.978,1.134,1.09,2.072,2.05,1.266,1.096,1.462,0.815,0.793,1.54,1.787,1.307,1.792,1.562,1.377,1.199,1.278,1.527,0.661,0.386,1.214,,,,
MW2007A20301,Malawi,Southern,Mangochi,Sorghum,Main,07-01,yield,0.411,0.433,,0.405,0.51,0.448,0.501,0.301,0.218,0.474,0.404,0.283,0.673,,0.623,0.671,,,0.825,0.839,0.798,0.78,0.501,0.702,0.715,0.591,0.716,0.692,0.697,0.627,0.651,0.686,0.622,0.591,0.68,,,,
MW2007A20301,Malawi,Southern,Mangochi,Wheat,Main,07-01,yield,,,,,,,,,,,,,,,,,,,,,,,,,,1.672,2.2,1.0,1.0,0.941,,,,,,,,,
MW2007A20302,Malawi,Southern,Machinga,Maize,Main,07-01,yield,,0.799,0.968,0.758,0.828,0.927,1.132,1.146,1.563,0.316,1.634,0.565,1.48,1.334,0.808,1.106,1.864,1.604,0.931,0.929,2.215,0.413,0.473,1.349,1.777,1.015,1.514,1.336,1.421,1.164,1.332,1.444,0.656,0.43,1.229,,,,
MW2007A20302,Malawi,Southern,Machinga,Sorghum,Main,07-01,yield,0.651,0.68,,0.369,0.511,0.711,0.75,0.351,0.1,0.659,0.419,0.434,0.569,,0.65,0.716,,,0.623,0.667,0.619,0.541,0.204,0.66,0.688,0.65,0.688,0.587,0.615,0.591,0.629,0.644,0.593,0.459,0.663,,,,
MW2007A20303,Malawi,Southern,Zomba,Maize,Main,07-01,yield,,0.918,0.922,0.7,0.74,0.877,0.811,1.048,1.075,0.229,1.242,0.578,1.03,1.172,0.874,1.037,1.496,1.403,1.028,0.955,1.479,0.679,0.715,1.536,1.98,1.427,1.904,1.416,1.579,1.168,1.655,1.959,1.095,0.579,1.761,,,,
MW2007A20303,Malawi,Southern,Zomba,Sorghum,Main,07-01,yield,0.6,0.65,,0.424,0.466,0.755,0.8,0.4,0.08,0.67,1.455,0.518,0.884,,0.693,0.803,,,0.646,0.852,0.84,0.718,0.237,0.881,0.901,0.981,0.858,0.679,0.649,0.6,0.687,0.713,0.653,0.553,0.683,,,,
MW2007A20303,Malawi,Southern,Zomba,Wheat,Main,07-01,yield,,,,,,,,,,,,,,,,,,,,,,,,,,2.5,1.8,,1.667,1.667,,,,,,,,,
MW2007A20304,Malawi,Southern,Chiradzulu,Maize,Main,07-01,yield,,,,,,,,,,,,,,,,,,,,1.265,1.476,0.546,0.618,1.115,1.315,1.213,2.056,1.182,1.643,1.585,2.126,1.99,1.145,1.035,2.12,,,,
MW2007A20304,Malawi,Southern,Chiradzulu,Sorghum,Main,07-01,yield,,,,,,,,,,,,,,,,,,,,0.73,0.446,0.578,0.254,0.689,0.75,0.823,0.853,0.77,0.9,0.972,1.22,1.202,1.029,1.04,1.119,,,,
MW2007A20305,Malawi,Southern,Blantyre,Maize,Main,07-01,yield,,0.716,0.857,0.962,0.938,1.003,0.652,0.713,0.985,0.272,1.808,0.934,0.984,1.85,1.147,1.562,1.861,1.665,1.207,1.122,2.407,0.515,0.398,2.3,2.147,1.82,2.612,1.489,2.003,1.645,2.324,2.395,1.823,1.178,,,,,
MW2007A20305,Malawi,Southern,Blantyre,Sorghum,Main,07-01,yield,0.3,0.507,,0.354,0.38,0.296,0.32,0.5,0.3,0.475,0.258,0.396,0.539,,0.586,0.7,,,3.788,0.798,0.418,0.661,0.148,0.719,0.839,0.919,1.078,0.8,1.106,1.003,1.078,1.084,1.069,0.794,,,,,
MW2007A20306,Malawi,Southern,Mwanza,Maize,Main,07-01,yield,,,1.179,1.013,0.712,0.782,0.517,0.639,0.878,0.066,1.382,0.478,0.899,1.228,1.004,1.285,1.705,1.8,0.936,1.008,1.0,0.686,0.664,1.557,1.883,1.528,1.984,0.534,1.909,1.768,2.462,2.274,1.607,0.745,2.433,,,,
MW2007A20306,Malawi,Southern,Mwanza,Sorghum,Main,07-01,yield,,0.5,,0.292,0.341,0.291,0.284,0.395,0.097,0.45,0.181,0.316,1.147,,0.868,0.921,,,0.554,0.66,0.651,0.61,0.433,0.586,0.785,0.802,0.873,0.572,0.782,0.731,0.92,0.973,0.984,0.933,1.07,,,,
MW2007A20306,Malawi,Southern,Mwanza,Wheat,Main,07-01,yield,,,,,,,,,,,,,,,,,,,,,,,0.8,,,,,0.6,0.69,,,,,,,,,,
MW2007A20307,Malawi,Southern,Thyolo,Maize,Main,07-01,yield,,,,,,,,,,,,,,,,,1.531,1.696,0.956,1.222,1.624,2.063,0.85,1.792,2.319,1.961,3.078,1.607,2.635,2.053,2.595,2.662,1.838,1.025,2.242,,,,
MW2007A20307,Malawi,Southern,Thyolo,Sorghum,Main,07-01,yield,,,,,,,,,,,,,,,,,,,,0.663,0.47,0.455,0.251,0.512,0.798,0.912,0.983,0.738,0.911,0.887,0.981,1.046,1.142,0.964,1.196,,,,
MW2007A20307,Malawi,Southern,Thyolo,Wheat,Main,07-01,yield,,,,,,,,,,,,,,,,,,,,,,,,,,2.0,,,,,,,,,,,,,
MW2007A20308,Malawi,Southern,Mulanje,Maize,Main,07-01,yield,,1.088,0.825,0.909,0.81,1.12,0.843,0.972,0.836,0.223,0.813,0.809,0.72,1.311,0.706,1.229,1.081,1.341,1.136,0.99,0.969,0.382,0.281,1.333,1.501,1.407,2.679,1.364,2.529,1.711,2.486,2.296,1.179,0.804,1.844,,,,
MW2007A20308,Malawi,Southern,Mulanje,Sorghum,Main,07-01,yield,0.5,0.487,,0.3,0.4,0.4,0.43,0.5,0.3,0.517,0.23,0.362,0.52,,0.563,0.593,,,0.769,0.772,0.778,0.637,0.215,0.872,1.033,0.934,1.161,1.202,1.251,1.349,1.439,1.298,1.248,1.03,1.2,,,,
MW2007A20308,Malawi,Southern,Mulanje,Wheat,Main,07-01,yield,,,,,,,,,,,,,,,,,,,,,,,,,,,,1.85,,,,,,,,,,,
MW2007A20309,Malawi,Southern,Phalombe,Maize,Main,07-01,yield,,1.206,0.808,0.906,0.976,1.115,0.96,0.911,1.065,0.338,1.497,0.743,0.967,1.477,0.858,1.603,1.734,1.468,1.356,1.129,1.391,0.731,0.63,1.443,1.905,1.603,2.342,1.527,2.027,1.784,2.59,2.651,1.366,1.184,2.435,,,,
MW2007A20309,Malawi,Southern,Phalombe,Sorghum,Main,07-01,yield,0.56,0.3,,0.3,0.58,0.5,0.5,0.5,0.3,0.556,0.308,0.255,0.464,,0.431,0.704,,,0.746,0.746,0.78,0.772,0.395,0.717,0.825,0.85,0.933,0.801,0.88,0.887,1.067,1.107,1.122,1.141,1.738,,,,
MW2007A20309,Malawi,Southern,Phalombe,Wheat,Main,07-01,yield,,,,,,,,,,,,,,,,,,,,,,,,,,2.667,,0.75,0.926,0.857,1.0,1.0,,,,,,,
MW2007A20310,Malawi,Southern,Chikwawa,Maize,Main,07-01,yield,,0.8,1.0,1.0,0.709,1.022,0.663,0.847,0.807,0.163,0.897,0.67,0.326,1.301,0.755,1.375,1.293,1.35,1.016,1.018,1.141,0.394,0.383,0.796,0.919,1.094,0.471,0.15,0.604,0.67,0.887,1.214,0.821,,0.662,,,,
MW2007A20310,Malawi,Southern,Chikwawa,Sorghum,Main,07-01,yield,0.8,0.8,,0.487,0.875,0.839,0.7,0.703,0.024,0.541,0.346,0.182,0.996,,0.683,0.673,,,0.665,0.787,0.594,0.274,0.257,0.942,0.932,0.931,0.497,0.31,0.743,0.875,0.962,1.174,0.753,,0.666,,,,
MW2007A20311,Malawi,Southern,Nsanje,Maize,Main,07-01,yield,,0.7,0.9,1.0,0.61,0.853,0.631,0.726,0.977,0.249,0.967,0.552,0.541,0.924,0.658,0.851,1.319,1.272,1.056,0.834,1.037,0.736,0.502,0.757,1.115,1.223,0.906,0.119,0.882,0.593,1.068,1.226,0.8,0.305,0.403,,,,
MW2007A20311,Malawi,Southern,Nsanje,Sorghum,Main,07-01,yield,0.6,0.8,,0.601,0.851,0.758,0.7,0.734,0.01,0.437,0.317,0.299,0.561,,0.563,0.691,,,0.337,0.745,0.524,0.408,0.327,0.488,0.778,1.066,0.682,0.33,0.633,0.497,0.709,0.696,0.484,0.042,0.365,,,,
MW2007A20312,Malawi,Southern,Balaka,Maize,Main,07-01,yield,,0.799,0.968,0.758,,0.949,1.0,0.612,0.898,0.005,1.098,0.25,1.107,0.84,0.585,0.646,1.771,1.476,0.882,0.702,1.158,0.641,0.472,1.285,1.58,1.008,1.498,0.999,0.996,0.561,1.331,1.327,0.594,0.35,0.992,,,,
MW2007A20312,Malawi,Southern,Balaka,Sorghum,Main,07-01,yield,0.651,0.68,,0.369,0.511,0.461,0.4,0.32,0.045,0.49,,0.149,0.843,,0.407,0.78,,,0.646,0.677,0.47,0.44,0.185,0.604,0.677,0.575,0.705,0.569,0.552,0.358,0.547,0.528,0.438,0.422,0.649,,,,
MW2007A20313,Malawi,Southern,Neno,Maize,Main,07-01,yield,,,1.179,1.013,0.712,0.782,0.517,0.639,0.878,0.066,1.382,0.478,0.899,1.228,1.004,1.285,1.705,1.8,0.936,1.008,3.361,0.686,1.234,0.835,1.382,1.265,1.547,0.834,1.384,1.235,1.714,1.841,1.369,0.801,1.745,,,,
MW2007A20313,Malawi,Southern,Neno,Sorghum,Main,07-01,yield,,0.5,,0.292,0.341,0.291,0.284,0.395,0.097,0.45,0.181,0.316,1.147,,0.868,0.921,,,0.554,0.66,0.651,0.61,0.433,0.53,0.785,0.882,0.92,0.6,0.748,0.754,0.887,0.909,1.029,0.857,1.073,,,,
MW2007A20313,Malawi,Southern,Neno,Wheat,Main,07-01,yield,,,,,,,,,,,,,,,,,,,,,,,0.8,0.8,1.339,1.25,1.3,1.258,1.556,1.42,1.415,1.215,1.249,1.071,1.214,,,,
SO1990A21201,Somalia,Woqooyi Galbeed,Hargeysa,Maize,Deyr,10-01,yield,,,,,,,,,,,,,,,,0.5,0.8,0.3,0.301,0.2,0.2,0.4,0.45,0.5,0.651,0.5,0.2,1.438,0.376,0.706,0.591,0.963,,0.6,0.5,0.2,0.4,,
SO1990A21201,Somalia,Woqooyi Galbeed,Hargeysa,Maize,Gu,07-01,yield,,,,,,,,,,,,,,,,0.5,0.8,0.3,0.301,0.2,0.2,0.4,0.45,0.5,0.601,0.025,0.1,1.0,0.2,0.5,0.7,0.7,,0.8,0.3,0.2,0.2,0.5,
SO1990A21201,Somalia,Woqooyi Galbeed,Hargeysa,Sorghum,Deyr,10-01,yield,,,,,,,,,,,,,,,,0.6,0.8,0.6,0.6,0.5,0.644,0.5,0.6,0.6,0.75,0.5,0.4,1.42,1.063,1.36,0.7,1.0,,0.8,0.7,0.3,0.5,,
SO1990A21201,Somalia,Woqooyi Galbeed,Hargeysa,Sorghum,Gu,07-01,yield,,,,,,,,,,,,,,,,0.6,0.8,0.6,0.6,0.5,0.644,0.5,0.6,0.6,0.7,0.267,0.3,1.11,0.3,0.8,0.8,0.8,0.5,0.8,0.7,0.3,0.8,0.4,
SO1990A21203,Somalia,Woqooyi Galbeed,Gabiley,Maize,Deyr,10-01,yield,,,,,,,,,,,,,,,,0.5,0.8,0.4,0.4,0.2,0.3,0.4,0.45,0.6,0.65,0.52,0.26,1.632,0.59,0.866,0.7,0.767,0.5,0.6,0.5,0.2,0.4,,
SO1990A21203,Somalia,Woqooyi Galbeed,Gabiley,Maize,Gu,07-01,yield,,,,,,,,,,,,,,,,0.5,0.8,0.4,0.4,0.2,0.3,0.4,0.45,0.6,0.6,0.04,0.1,1.01,0.3,0.7,0.7,0.6,0.08,0.8,0.3,0.2,0.2,0.5,
SO1990A21203,Somalia,Woqooyi Galbeed,Gabiley,Sorghum,Deyr,10-01,yield,,,,,,,,,,,,,,,,0.7,0.8,0.7,0.595,0.4,0.752,0.4,0.65,0.75,0.75,0.7,0.5,1.437,2.145,1.815,1.0,1.0,0.6,0.8,0.6,0.413,0.5,,
SO1990A21203,Somalia,Woqooyi Galbeed,Gabiley,Sorghum,Gu,07-01,yield,,,,,,,,,,,,,,,,0.7,0.8,0.7,0.595,0.4,0.752,0.4,0.65,0.75,0.75,0.414,0.45,1.11,0.5,0.8,0.8,0.7,0.6,0.8,0.8,0.413,1.0,0.6,
SO1990A21301,Somalia,Togdheer,Burco,Maize,Deyr,10-01,yield,,,,,,,,,,,,,,,,,,,,,,0.4,0.4,0.38,0.52,0.4,,0.95,0.2,1.0,,,,,,,0.3,,
SO1990A21301,Somalia,Togdheer,Burco,Maize,Gu,07-01,yield,,,,,,,,,,,,,,,,,,,,,,0.4,0.4,0.2,0.5,0.1,,0.7,0.2,0.2,,,,,,,0.3,,
SO1990A21301,Somalia,Togdheer,Burco,Sorghum,Deyr,10-01,yield,,,,,,,,,,,,,,,,,,,,,,0.603,0.55,0.6,0.4,0.5,0.2,1.1,0.6,1.687,0.8,,0.5,0.6,0.5,0.5,0.6,,
SO1990A21301,Somalia,Togdheer,Burco,Sorghum,Gu,07-01,yield,,,,,,,,,,,,,,,,,,,,,,0.603,0.55,0.6,0.6,0.2,0.2,1.21,0.4,0.5,0.8,,0.5,0.6,0.5,0.5,0.8,,
SO1990A21303,Somalia,Togdheer,Oodweyne,Maize,Deyr,10-01,yield,,,,,,,,,,,,,,,,,0.8,0.3,0.294,,0.2,0.4,0.4,0.4,0.552,0.5,0.133,0.9,0.32,0.7,,0.6,0.4,0.5,,,0.3,,
SO1990A21303,Somalia,Togdheer,Oodweyne,Maize,Gu,07-01,yield,,,,,,,,,,,,,,,,,0.8,0.3,0.294,,0.2,0.4,0.4,0.2,0.553,0.104,0.133,0.7,0.32,0.32,,0.6,0.4,0.5,,,0.3,,
SO1990A21303,Somalia,Togdheer,Oodweyne,Sorghum,Deyr,10-01,yield,,,,,,,,,,,,,,,,,0.6,0.6,0.606,0.23,0.6,0.6,0.6,0.6,0.65,0.5,0.4,1.1,0.6,0.9,0.9,0.6,0.5,0.7,0.6,0.6,0.9,,
SO1990A21303,Somalia,Togdheer,Oodweyne,Sorghum,Gu,07-01,yield,,,,,,,,,,,,,,,,,0.6,0.6,0.606,0.23,0.6,0.6,0.6,0.6,0.65,0.2,0.4,0.85,0.5,0.5,0.9,0.6,0.5,0.7,0.6,0.6,1.0,0.2,
SO1990A21304,Somalia,Togdheer,Sheekh,Maize,Deyr,10-01,yield,,,,,,,,,,,,,,,,,,,,,,0.4,0.4,0.5,0.5,0.5,0.1,0.9,0.2,0.95,0.7,,,,,,0.3,,
SO1990A21304,Somalia,Togdheer,Sheekh,Maize,Gu,07-01,yield,,,,,,,,,,,,,,,,,,,,,,0.4,0.4,0.3,0.441,0.042,0.1,0.86,0.16,0.2,0.7,,,,,,0.3,,
SO1990A21304,Somalia,Togdheer,Sheekh,Sorghum,Deyr,10-01,yield,,,,,,,,,,,,,,,,,,,,,,0.5,0.6,0.6,0.75,0.6,0.2,1.0,0.5,1.35,0.8,,0.25,0.6,0.4,0.5,0.5,,
SO1990A21304,Somalia,Togdheer,Sheekh,Sorghum,Gu,07-01,yield,,,,,,,,,,,,,,,,,,,,,,0.5,0.6,0.6,0.5,0.2,0.2,1.01,0.3,0.3,0.8,,0.25,0.6,0.4,0.5,0.6,,
SO1990A21803,Somalia,Mudug,Hobyo,Sorghum,Deyr,10-01,yield,,,,,,,,,,,,,,,,,,,,,,,,,,,,,0.355,0.1,,,0.3,,,0.7,,,
SO1990A21803,Somalia,Mudug,Hobyo,Sorghum,Gu,07-01,yield,,,,,,,,,,,,,,,,,,,,,,,,,,,,,,,,,,,,0.1,,,
SO1990A21805,Somalia,Mudug,Xarardheere,Sorghum,Deyr,10-01,yield,,,,,,,,,,,,,,,,,,,,,,,,,,,0.367,,0.359,0.1,0.201,,0.5,,,0.6,,,
SO1990A21805,Somalia,Mudug,Xarardheere,Sorghum,Gu,07-01,yield,,,,,,,,,,,,,,,,,,,,,,,,,,,,,,,,,,,0.15,0.1,,,
SO1990A21904,Somalia,Galgaduud,Ceel Buur,Sorghum,Deyr,10-01,yield,,,,,,,,,,,,,,,,,,,,,,,,,,,0.366,,0.363,0.15,0.162,,0.5,0.3,,0.7,,,
SO1990A21904,Somalia,Galgaduud,Ceel Buur,Sorghum,Gu,07-01,yield,,,,,,,,,,,,,,,,,,,,,,,,,,,,,,,,,,,,0.5,,,
SO1990A21905,Somalia,Galgaduud,Ceel Dheer,Sorghum,Deyr,10-01,yield,,,,,,,,,,,,,,,,,,,,,,,,,,,0.389,,0.365,0.1,0.191,,0.5,0.3,,0.7,,,
SO1990A21905,Somalia,Galgaduud,Ceel Dheer,Sorghum,Gu,07-01,yield,,,,,,,,,,,,,,,,,,,,,,,,,,,,,,,,,,,0.15,0.4,,,
SO1990A22001,Somalia,Hiiraan,Beledweyn,Maize,Deyr,10-01,yield,,,,,,,,,,,,,0.368,0.614,0.286,1.278,0.45,0.3,1.0,0.4,0.3,0.9,0.6,,0.5,0.8,0.55,0.251,0.6,0.8,0.5,0.6,0.6,0.5,0.5,0.5,,0.4,
SO1990A22001,Somalia,Hiiraan,Beledweyn,Maize,Gu,07-01,yield,,,,,,,,,,,,,0.852,0.312,0.607,0.404,0.64,0.4,0.6,0.4,0.2,0.6,,0.6,1.0,0.5,0.2,0.3,0.25,0.5,0.5,0.55,0.5,,0.4,,0.35,0.45,0.4
SO1990A22001,Somalia,Hiiraan,Beledweyn,Sorghum,Deyr,10-01,yield,,,,,,,,,,,,,0.3,0.433,0.194,1.2,0.4,0.05,0.6,0.6,0.4,0.65,0.45,0.5,0.3,0.533,0.467,0.2,0.5,0.436,0.394,0.478,0.507,0.3,0.4,0.4,0.4,,
SO1990A22001,Somalia,Hiiraan,Beledweyn,Sorghum,Gu,07-01,yield,,,,,,,,,,,,,0.505,0.209,0.412,0.2,0.6,0.4,0.4,0.35,0.2,0.45,0.1,0.35,0.7,0.4,0.2,0.248,0.2,0.289,0.35,0.4,0.411,0.3,0.3,0.3,0.377,0.4,0.389
SO1990A22002,Somalia,Hiiraan,Bulo-Burte,Maize,Deyr,10-01,yield,,,,,,,,,,,,,0.612,1.239,0.3,0.799,0.5,0.3,1.0,0.6,0.4,1.2,,0.8,0.7,0.5,0.6,0.25,0.6,0.7,0.5,0.65,0.5,0.5,0.54,0.54,0.54,0.45,
SO1990A22002,Somalia,Hiiraan,Bulo-Burte,Maize,Gu,07-01,yield,,,,,,,,,,,,,0.959,0.556,0.323,0.447,0.525,0.35,0.5,0.2,0.2,0.9,,0.6,0.34,0.7,0.2,0.3,0.25,0.5,0.5,0.45,0.45,0.5,0.45,0.45,0.45,0.5,0.5
SO1990A22002,Somalia,Hiiraan,Bulo-Burte,Sorghum,Deyr,10-01,yield,,,,,,,,,,,,,0.5,0.396,0.302,0.6,0.7,0.4,0.8,0.5,0.5,0.45,0.3,0.5,0.4,0.394,0.457,0.2,0.461,0.433,0.324,0.362,0.5,0.35,0.44,0.43,0.44,0.388,
SO1990A22002,Somalia,Hiiraan,Bulo-Burte,Sorghum,Gu,07-01,yield,,,,,,,,,,,,,0.307,0.258,0.298,0.3,0.4,0.35,0.6,,0.3,0.6,0.1,0.43,0.7,0.5,0.189,0.338,0.2,0.283,0.35,0.3,0.355,0.421,0.35,0.398,0.402,0.392,0.429
SO1990A22003,Somalia,Hiiraan,Jalalaqsi,Maize,Deyr,10-01,yield,,,,,,,,,,,,,0.525,0.581,0.25,0.607,0.65,0.8,1.0,0.6,0.5,0.65,0.7,0.8,0.7,0.6,0.6,0.3,0.6,0.7,0.5,0.7,0.5,0.55,0.6,0.6,0.6,0.5,
SO1990A22003,Somalia,Hiiraan,Jalalaqsi,Maize,Gu,07-01,yield,,,,,,,,,,,,,0.848,0.582,0.292,0.491,0.6,0.5,0.6,0.2,0.6,0.7,,0.4,0.6,0.45,0.2,0.3,0.3,0.5,0.5,0.6,0.5,0.6,0.5,0.5,0.5,0.5,0.55
SO1990A22003,Somalia,Hiiraan,Jalalaqsi,Sorghum,Deyr,10-01,yield,,,,,,,,,,,,,0.4,0.584,0.336,0.45,0.55,0.25,0.8,0.6,0.4,0.35,,0.5,0.7,0.386,0.375,0.2,0.456,0.433,0.326,0.412,0.454,0.3,0.4,,0.414,0.35,
SO1990A22003,Somalia,Hiiraan,Jalalaqsi,Sorghum,Gu,07-01,yield,,,,,,,,,,,,,0.309,0.225,0.284,0.2,0.4,0.3,0.6,,0.2,0.3,0.1,0.3,0.4,0.4,0.189,0.3,0.2,0.3,0.35,0.5,0.415,0.45,0.4,0.35,0.35,0.425,0.418
SO1990A22101,Somalia,Middle Shabelle,Jowhar,Maize,Deyr,10-01,yield,,,,,,,,,,,,,0.505,0.504,0.768,0.416,0.941,0.871,1.0,1.136,0.6,0.5,0.5,0.6,0.6,0.6,0.9,0.7,1.2,0.9,0.8,0.8,0.8,0.7,0.7,0.7,0.4,0.45,
SO1990A22101,Somalia,Middle Shabelle,Jowhar,Maize,Gu,07-01,yield,,,,,,,,,,,,,0.87,0.462,0.794,0.45,0.414,0.945,0.8,0.726,0.772,0.8,0.8,0.6,0.6,0.6,0.55,0.8,0.3,1.0,0.9,0.5,0.45,0.7,0.7,0.8,0.9,0.5,0.5
SO1990A22101,Somalia,Middle Shabelle,Jowhar,Sorghum,Deyr,10-01,yield,,,,,,,,,,,,,0.4,0.197,0.185,0.25,0.4,0.1,0.5,0.55,0.175,0.3,0.3,0.4,0.4,0.2,0.3,,0.5,0.6,0.6,0.4,0.6,,0.35,0.4,0.5,0.28,
SO1990A22101,Somalia,Middle Shabelle,Jowhar,Sorghum,Gu,07-01,yield,,,,,,,,,,,,,0.257,0.266,0.423,0.15,0.15,0.5,0.4,0.4,0.1,0.1,0.2,0.3,0.2,0.2,0.2,0.5,0.1,0.5,0.6,0.4,0.25,0.5,,0.5,,0.2,0.4
SO1990A22102,Somalia,Middle Shabelle,Aadan Yabaal,Sorghum,Deyr,10-01,yield,,,,,,,,,,,,,0.3,,,,,,0.25,0.25,0.06,,0.1,0.15,,,0.2,,,0.4,0.2,0.1,0.2,,,0.15,,,
SO1990A22102,Somalia,Middle Shabelle,Aadan Yabaal,Sorghum,Gu,07-01,yield,,,,,,,,,,,,,,,,,,0.18,0.16,0.1,0.19,,,0.1,0.1,,0.2,0.2,,0.2,0.05,0.1,0.1,0.1,,0.25,0.1,,
SO1990A22103,Somalia,Middle Shabelle,Balcad,Maize,Deyr,10-01,yield,,,,,,,,,,,,,0.515,0.515,0.756,0.447,0.8,0.8,1.0,1.0,0.6,0.5,0.5,0.6,0.3,0.5,0.7,0.7,1.0,1.1,1.0,0.8,0.9,0.8,0.7,0.7,0.5,0.55,
SO1990A22103,Somalia,Middle Shabelle,Balcad,Maize,Gu,07-01,yield,,,,,,,,,,,,,1.061,0.603,0.638,0.451,0.5,0.9,0.8,0.8,0.7,0.8,0.6,0.7,0.6,0.5,0.55,0.7,0.4,0.9,1.0,0.8,0.7,0.75,0.8,0.8,0.8,0.6,0.5
SO1990A22103,Somalia,Middle Shabelle,Balcad,Sorghum,Deyr,10-01,yield,,,,,,,,,,,,,0.4,0.175,0.158,0.25,0.2,0.2,0.5,0.5,,0.3,0.2,0.4,0.2,0.2,0.4,,0.6,0.7,0.45,0.4,0.5,0.6,0.35,0.4,0.4,0.3,
SO1990A22103,Somalia,Middle Shabelle,Balcad,Sorghum,Gu,07-01,yield,,,,,,,,,,,,,0.254,0.254,0.406,0.15,0.06,0.3,0.5,0.4,0.1,,0.1,0.3,0.1,0.2,0.2,0.6,0.2,0.5,0.6,0.2,0.4,0.25,,0.6,0.2,0.2,0.4
SO1990A22104,Somalia,Middle Shabelle,Cadale,Sorghum,Deyr,10-01,yield,,,,,,,,,,,,,,,,,,0.18,0.22,0.2,0.1,,0.1,0.1,,,0.2,,,0.3,0.2,0.1,0.3,,,0.15,,,
SO1990A22104,Somalia,Middle Shabelle,Cadale,Sorghum,Gu,07-01,yield,,,,,,,,,,,,,,,,,,0.16,0.14,0.09,0.18,,0.15,0.1,0.1,,0.2,0.2,,0.2,,0.1,0.1,0.1,,0.25,0.1,,
SO1990A22301,Somalia,Lower Shabelle,Marka,Maize,Deyr,10-01,yield,,,,,,,,,,,,,0.674,0.703,0.226,0.605,0.7,0.95,1.0,1.0,0.7,0.499,0.8,0.4,0.5,0.8,0.5,0.6,1.0,1.0,0.9,0.9,0.8,0.8,0.9,1.0,0.9,,
SO1990A22301,Somalia,Lower Shabelle,Marka,Maize,Gu,07-01,yield,,,,,,,,,,,,,1.648,1.103,1.047,0.698,0.962,1.0,0.9,1.0,0.95,0.75,0.8,0.8,0.8,0.831,0.9,0.8,0.8,0.9,0.97,0.82,0.665,0.7,0.9,1.076,0.6,,
SO1990A22301,Somalia,Lower Shabelle,Marka,Sorghum,Deyr,10-01,yield,,,,,,,,,,,,,0.4,0.104,0.18,0.3,0.4,0.3,0.4,0.6,0.3,0.4,0.3,0.2,0.1,,0.4,,0.8,,0.4,0.25,,,,,,,
SO1990A22301,Somalia,Lower Shabelle,Marka,Sorghum,Gu,07-01,yield,,,,,,,,,,,,,0.25,0.208,0.33,,,,,,,,,,,0.3,0.5,,,,,,,,,0.6,,,
SO1990A22302,Somalia,Lower Shabelle,Afgooye,Maize,Deyr,10-01,yield,,,,,,,,,,,,,0.68,0.501,0.4,0.212,0.6,1.2,1.0,1.2,0.6,0.4,0.5,0.6,0.4,0.8,0.6,0.5,1.0,1.0,1.0,1.0,0.8,1.0,0.8,0.9,0.8,0.9,
SO1990A22302,Somalia,Lower Shabelle,Afgooye,Maize,Gu,07-01,yield,,,,,,,,,,,,,0.541,0.763,0.466,0.5,0.692,0.5,0.2,0.9,0.75,0.5,0.4,0.6,0.7,0.643,0.6,0.75,0.8,0.85,0.48,0.6,0.489,0.623,0.674,1.1,0.8,0.521,0.684
SO1990A22302,Somalia,Lower Shabelle,Afgooye,Sorghum,Deyr,10-01,yield,,,,,,,,,,,,,0.6,0.102,0.191,0.2,0.5,0.2,0.5,0.6,0.2,0.6,0.2,0.7,0.4,0.2,0.5,,0.8,0.6,0.5,0.3,0.6,0.4,0.4,0.45,0.6,0.5,
SO1990A22302,Somalia,Lower Shabelle,Afgooye,Sorghum,Gu,07-01,yield,,,,,,,,,,,,,0.216,0.281,,,,0.5,0.6,,,,,,0.2,0.3,0.05,0.4,0.3,0.3,,0.2,0.5,0.5,0.4,0.7,0.3,0.4,
SO1990A22303,Somalia,Lower Shabelle,Baraawe,Maize,Deyr,10-01,yield,,,,,,,,,,,,,0.484,0.491,0.543,0.661,0.6,0.8,1.0,1.0,0.5,0.6,,0.5,0.5,0.3,0.8,,0.7,0.5,0.5,0.5,0.3,,,0.4,,0.4,
SO1990A22303,Somalia,Lower Shabelle,Baraawe,Maize,Gu,07-01,yield,,,,,,,,,,,,,,,,0.397,0.6,0.75,0.8,1.2,1.0,0.6,0.6,0.5,0.5,,0.8,0.9,0.5,0.4,0.6,0.5,0.4,0.4,0.3,0.8,0.5,0.7,0.4
SO1990A22304,Somalia,Lower Shabelle,Kurtunwaarey,Maize,Deyr,10-01,yield,,,,,,,,,,,,,0.552,1.125,0.556,1.003,0.9,1.1,1.0,1.1,0.7,0.7,1.1,0.7,0.7,0.8,0.7,1.1,1.2,1.4,1.033,0.8,0.85,0.8,1.0,1.0,0.8,0.878,
SO1990A22304,Somalia,Lower Shabelle,Kurtunwaarey,Maize,Gu,07-01,yield,,,,,,,,,,,,,,,1.337,0.7,1.074,0.95,1.2,1.4,1.15,1.13,0.8,1.0,0.8,0.981,1.1,1.2,0.8,1.0,1.23,1.158,0.859,0.845,0.45,1.299,0.933,1.112,0.821
SO1990A22305,Somalia,Lower Shabelle,Qoryooley,Maize,Deyr,10-01,yield,,,,,,,,,,,,,0.6,0.797,0.657,0.506,0.6,0.7,1.0,0.7,0.5,0.458,0.6,0.4,0.6,0.5,0.5,0.5,0.8,0.9,0.7,0.7,0.8,0.5,0.6,0.5,0.8,0.7,
SO1990A22305,Somalia,Lower Shabelle,Qoryooley,Maize,Gu,07-01,yield,,,,,,,,,,,,,1.264,0.88,0.936,0.658,0.791,0.8,0.8,0.9,0.9,0.75,0.8,0.8,0.8,0.714,0.9,0.8,0.7,0.8,0.825,0.571,0.645,0.564,0.772,0.931,0.6,0.7,0.663
SO1990A22305,Somalia,Lower Shabelle,Qoryooley,Sorghum,Deyr,10-01,yield,,,,,,,,,,,,,0.4,0.199,0.124,0.4,0.3,0.1,0.4,0.5,0.4,0.5,0.3,0.8,0.4,0.2,0.5,,0.8,0.5,0.4,0.3,0.6,,0.4,0.4,0.6,0.5,
SO1990A22305,Somalia,Lower Shabelle,Qoryooley,Sorghum,Gu,07-01,yield,,,,,,,,,,,,,,0.32,0.41,0.3,0.15,0.3,,0.3,0.4,,,,0.2,0.3,0.5,0.5,,,0.5,0.2,0.4,0.5,0.5,0.6,0.2,0.4,
SO1990A22306,Somalia,Lower Shabelle,Sablaale,Maize,Deyr,10-01,yield,,,,,,,,,,,,,0.554,1.306,0.559,0.716,0.7,1.0,1.0,1.2,0.7,0.6,0.5,0.4,0.4,0.2,0.8,0.8,1.2,1.2,1.0,0.8,1.0,0.2,0.5,0.5,1.0,1.0,
SO1990A22306,Somalia,Lower Shabelle,Sablaale,Maize,Gu,07-01,yield,,,,,,,,,,,,,,,,0.604,1.0,0.9,0.7,0.8,0.8,0.8,0.8,0.8,0.8,0.771,0.8,0.9,0.6,1.0,1.0,1.0,1.1,1.0,0.4,1.3,1.0,1.2,1.2
SO1990A22307,Somalia,Lower Shabelle,Wanla Weyn,Maize,Deyr,10-01,yield,,,,,,,,,,,,,0.4,0.428,0.405,0.419,,,,,,,,,,,,,0.6,,,,0.5,,,0.7,,0.5,
SO1990A22307,Somalia,Lower Shabelle,Wanla Weyn,Maize,Gu,07-01,yield,,,,,,,,,,,,,0.213,0.211,0.14,0.31,,,,,,,,,,,0.3,0.073,0.4,0.4,0.5,0.35,0.5,,,0.7,,0.3,0.5
SO1990A22307,Somalia,Lower Shabelle,Wanla Weyn,Sorghum,Deyr,10-01,yield,,,,,,,,,,,,,0.6,0.12,0.126,0.2,0.3,0.1,0.7,0.6,0.4,0.7,0.1,0.6,0.4,0.2,0.5,,0.8,0.6,0.6,0.3,0.7,0.6,0.5,0.4,0.6,0.5,
SO1990A22307,Somalia,Lower Shabelle,Wanla Weyn,Sorghum,Gu,07-01,yield,,,,,,,,,,,,,0.205,0.214,0.42,0.4,0.15,0.5,0.3,0.3,0.2,0.2,0.1,0.3,0.2,0.5,0.4,0.5,0.3,0.4,0.4,0.3,0.5,0.5,0.6,0.6,0.6,0.4,0.5
SO1990A22401,Somalia,Bay,Baydhabo,Maize,Deyr,10-01,yield,,,,,,,,,,,,,,,,,,,,,0.1,0.2,0.1,0.96,0.3,0.1,0.4,,0.6,0.6,0.3,0.4,0.4,0.15,,0.2,,,
SO1990A22401,Somalia,Bay,Baydhabo,Maize,Gu,07-01,yield,,,,,,,,,,,,,,0.619,0.05,0.025,0.15,0.4,,0.37,0.3,0.2,0.2,0.1,0.083,0.2,0.2,0.5,0.15,0.3,0.5,0.25,0.2,0.25,0.2,0.5,0.15,,0.1
SO1990A22401,Somalia,Bay,Baydhabo,Sorghum,Deyr,10-01,yield,,,,,,,,,,,,,0.3,0.152,0.225,0.15,0.4,0.23,0.4,0.41,0.2,0.3,0.2,0.4,0.3,0.3,0.6,0.2,0.7,0.7,0.5,0.6,0.6,0.25,0.5,0.35,0.5,0.35,
SO1990A22401,Somalia,Bay,Baydhabo,Sorghum,Gu,07-01,yield,,,,,,,,,,,,,0.263,0.57,0.327,0.2,0.3,0.7,0.1,0.47,0.29,0.25,0.25,0.3,0.103,0.35,0.3,0.6,0.3,0.3,0.4,0.35,0.5,0.25,0.35,0.5,0.25,0.4,0.25
SO1990A22402,Somalia,Bay,Buur Hakaba,Maize,Deyr,10-01,yield,,,,,,,,,,,,,,,,,,,,,0.1,0.2,0.1,0.84,0.2,0.05,0.3,,0.5,0.4,0.25,0.35,0.3,0.15,,0.2,,,
SO1990A22402,Somalia,Bay,Buur Hakaba,Maize,Gu,07-01,yield,,,,,,,,,,,,,,0.3,0.05,0.1,0.2,0.4,,0.17,0.2,0.3,0.2,0.2,0.114,0.1,0.3,0.381,,0.2,0.35,0.2,0.2,0.2,0.15,0.4,0.15,,0.15
SO1990A22402,Somalia,Bay,Buur Hakaba,Sorghum,Deyr,10-01,yield,,,,,,,,,,,,,0.15,0.191,0.248,0.1,0.1,0.19,0.1,0.25,0.1,0.4,0.15,0.4,0.3,0.1,0.4,,0.6,0.6,0.3,0.5,0.45,0.2,0.3,0.3,0.5,0.3,
SO1990A22402,Somalia,Bay,Buur Hakaba,Sorghum,Gu,07-01,yield,,,,,,,,,,,,,0.21,0.413,0.226,0.25,0.15,0.5,0.1,0.27,0.3,0.2,0.1,0.3,0.109,0.1,0.3,0.5,0.3,0.2,0.3,0.25,0.35,0.25,0.2,0.45,0.2,0.25,0.3
SO1990A22403,Somalia,Bay,Diinsoor,Maize,Deyr,10-01,yield,,,,,,,,,,,,,,,,,,,,,0.2,0.1,0.1,0.3,0.2,0.1,0.4,,0.5,0.5,0.3,0.4,0.4,0.2,,0.3,,,
SO1990A22403,Somalia,Bay,Diinsoor,Maize,Gu,07-01,yield,,,,,,,,,,,,,,0.2,0.02,0.02,0.25,0.4,,0.27,0.1,0.1,0.1,0.3,0.121,0.15,0.2,0.5,0.15,0.3,0.45,0.3,0.25,0.3,0.3,0.5,0.2,,0.1
SO1990A22403,Somalia,Bay,Diinsoor,Sorghum,Deyr,10-01,yield,,,,,,,,,,,,,0.5,0.198,0.266,0.2,0.3,0.36,0.4,0.35,0.4,0.4,0.2,0.5,0.4,0.2,0.5,0.15,0.7,0.6,0.5,0.5,0.6,0.3,0.4,0.45,0.6,0.35,
SO1990A22403,Somalia,Bay,Diinsoor,Sorghum,Gu,07-01,yield,,,,,,,,,,,,,0.309,0.513,0.54,0.2,0.25,0.7,0.1,0.47,0.2,0.2,0.2,0.4,0.184,0.35,0.6,0.7,0.667,0.2,0.5,0.4,0.5,0.35,0.6,0.6,0.3,0.4,0.3
SO1990A22404,Somalia,Bay,Qansax Dheere,Maize,Deyr,10-01,yield,,,,,,,,,,,,,,,0.125,,,,,,0.2,0.2,0.1,0.3,0.3,0.1,0.5,,0.6,0.6,0.3,0.4,0.4,0.2,0.25,0.3,0.4,,
SO1990A22404,Somalia,Bay,Qansax Dheere,Maize,Gu,07-01,yield,,,,,,,,,,,,,,0.404,0.02,0.025,0.15,0.4,,0.17,0.2,0.2,0.2,0.3,0.104,0.2,0.2,0.5,0.15,0.3,0.5,0.25,0.25,0.3,0.2,0.5,0.2,,0.2
SO1990A22404,Somalia,Bay,Qansax Dheere,Sorghum,Deyr,10-01,yield,,,,,,,,,,,,,0.5,0.101,0.298,0.2,0.2,0.34,0.2,0.33,0.4,0.3,0.2,0.5,0.3,0.1,0.6,0.15,0.8,0.7,0.5,0.6,0.7,0.3,0.5,0.5,0.55,0.5,
SO1990A22404,Somalia,Bay,Qansax Dheere,Sorghum,Gu,07-01,yield,,,,,,,,,,,,,0.411,0.819,0.676,0.25,0.3,0.7,0.1,0.37,0.15,0.2,0.1,0.4,0.108,0.3,0.4,0.7,0.2,0.2,0.5,0.35,0.5,0.4,0.3,0.6,0.3,0.4,0.4
SO1990A22501,Somalia,Bakool,Xudur,Maize,Deyr,10-01,yield,,,,,,,,,,,,,,0.15,0.22,0.1,,0.1,1.0,0.25,,0.2,,0.25,0.2,0.15,0.2,0.15,0.5,0.4,0.25,0.3,0.3,,0.153,0.2,0.3,0.2,
SO1990A22501,Somalia,Bakool,Xudur,Maize,Gu,07-01,yield,,,,,,,,,,,,,,0.2,0.25,0.25,0.05,0.2,0.15,0.15,0.02,0.111,0.2,0.1,0.1,0.05,0.05,0.2,0.1,0.15,0.2,0.15,0.25,0.2,0.2,0.2,0.1,0.153,0.1
SO1990A22501,Somalia,Bakool,Xudur,Sorghum,Deyr,10-01,yield,,,,,,,,,,,,,0.2,0.102,0.139,0.1,0.1,0.1,0.2,0.21,,0.2,0.151,0.25,0.2,0.3,0.2,0.1,0.6,0.5,0.3,0.4,0.4,0.1,0.25,0.25,0.35,0.35,
SO1990A22501,Somalia,Bakool,Xudur,Sorghum,Gu,07-01,yield,,,,,,,,,,,,,0.305,0.258,0.258,0.25,0.1,0.3,0.2,0.15,0.03,0.1,0.1,0.1,0.15,0.1,0.1,0.2,0.1,0.2,0.3,0.2,0.3,0.25,0.25,0.35,0.2,0.2,0.2
SO1990A22502,Somalia,Bakool,Ceel Barde,Maize,Deyr,10-01,yield,,,,,,,,,,,,,,,,,,,,0.2,,0.2,,0.3,,,,,,,,,,,,,,,
SO1990A22502,Somalia,Bakool,Ceel Barde,Maize,Gu,07-01,yield,,,,,,,,,,,,,,,,,0.1,,,,0.03,,,,,,,,,,,,,,,,,,
SO1990A22502,Somalia,Bakool,Ceel Barde,Sorghum,Deyr,10-01,yield,,,,,,,,,,,,,,,,,,0.1,0.1,0.15,,0.2,,0.25,,,,,,,,,,,,,,,
SO1990A22502,Somalia,Bakool,Ceel Barde,Sorghum,Gu,07-01,yield,,,,,,,,,,,,,,,,0.25,0.1,0.3,0.2,0.15,0.03,0.102,,,,,,,,,,,,,,,,,
SO1990A22503,Somalia,Bakool,Tiyeglow,Maize,Deyr,10-01,yield,,,,,,,,,,,,,,0.15,0.6,0.2,,0.1,1.0,0.3,,0.251,,0.25,0.2,0.042,0.2,,0.5,0.5,0.3,0.25,0.3,,0.15,0.2,0.25,0.25,
SO1990A22503,Somalia,Bakool,Tiyeglow,Maize,Gu,07-01,yield,,,,,,,,,,,,,0.3,0.2,0.24,,0.05,0.2,0.153,0.15,0.02,0.058,0.151,0.2,,0.06,0.07,0.3,0.12,0.15,0.2,0.15,0.25,0.15,0.15,0.2,0.1,0.15,0.1
SO1990A22503,Somalia,Bakool,Tiyeglow,Sorghum,Deyr,10-01,yield,,,,,,,,,,,,,0.2,0.132,0.147,0.25,0.153,0.1,0.2,0.22,,0.2,0.15,0.15,0.3,0.071,0.2,,0.6,0.6,0.3,0.35,0.4,0.1,0.2,0.35,0.4,,
SO1990A22503,Somalia,Bakool,Tiyeglow,Sorghum,Gu,07-01,yield,,,,,,,,,,,,,0.355,0.309,0.219,0.25,0.1,0.3,0.2,0.15,0.04,0.1,0.2,0.2,0.1,0.1,0.1,0.3,0.1,0.2,0.25,0.25,0.3,0.2,0.2,0.3,0.2,0.2,0.1
SO1990A22504,Somalia,Bakool,Waajid,Maize,Deyr,10-01,yield,,,,,,,,,,,,,,,0.1,,,0.1,1.0,,,,,0.3,,,0.1,,0.5,0.2,0.15,0.3,0.3,,0.1,0.1,0.312,0.2,
SO1990A22504,Somalia,Bakool,Waajid,Maize,Gu,07-01,yield,,,,,,,,,,,,,,0.15,0.23,,0.2,0.2,0.15,,,,,0.1,0.19,,0.09,0.3,,,0.15,,0.25,0.2,0.15,0.2,,0.097,
SO1990A22504,Somalia,Bakool,Waajid,Sorghum,Deyr,10-01,yield,,,,,,,,,,,,,0.2,0.2,0.084,,0.2,0.1,0.2,0.2,0.202,0.3,0.1,0.4,0.2,0.15,0.2,0.1,0.6,0.4,0.25,0.3,0.4,,0.2,0.2,0.4,,
SO1990A22504,Somalia,Bakool,Waajid,Sorghum,Gu,07-01,yield,,,,,,,,,,,,,0.258,0.29,0.319,0.25,0.25,0.3,0.2,0.15,0.09,0.1,0.2,0.2,0.2,0.1,0.099,0.3,0.08,0.25,0.25,0.25,0.3,0.25,0.2,0.35,0.1,0.2,0.1
SO1990A22505,Somalia,Bakool,Rabdhuure,Maize,Deyr,10-01,yield,,,,,,,,,,,,,,,,,,0.1,,0.25,,0.2,,0.3,,,0.1,,0.5,0.3,0.15,0.3,0.3,,,0.2,,,
SO1990A22505,Somalia,Bakool,Rabdhuure,Maize,Gu,07-01,yield,,,,,,,,,,,,,,,,,0.2,0.2,,,0.06,,,,,,0.05,0.2,,,0.2,,0.25,0.15,,0.2,,,
SO1990A22505,Somalia,Bakool,Rabdhuure,Sorghum,Deyr,10-01,yield,,,,,,,,,,,,,,,,,,0.1,0.2,0.16,,0.2,,0.35,,0.15,0.1,0.1,0.6,0.4,0.25,0.3,0.4,,,0.2,,,
SO1990A22505,Somalia,Bakool,Rabdhuure,Sorghum,Gu,07-01,yield,,,,,,,,,,,,,,,,0.25,0.25,0.3,0.2,0.15,0.02,0.1,0.2,0.2,,0.1,0.1,0.2,0.09,0.25,0.3,0.2,0.3,0.2,0.15,0.3,,,
SO1990A22601,Somalia,Gedo,Garbahaarey,Maize,Deyr,10-01,yield,,,,,,,,,,,,,0.539,0.576,,0.903,0.532,0.535,1.0,0.589,0.4,0.5,0.4,0.291,0.62,0.202,0.301,0.802,0.688,0.757,0.8,0.7,0.7,0.7,0.7,0.7,0.6,0.7,
SO1990A22601,Somalia,Gedo,Garbahaarey,Maize,Gu,07-01,yield,,,,,,,,,,,,,,,,0.825,0.4,0.557,0.666,0.4,0.441,0.425,0.338,0.381,0.348,0.15,0.4,0.804,0.698,0.8,0.9,0.6,0.6,0.7,0.6,0.6,0.7,0.7,0.8
SO1990A22601,Somalia,Gedo,Garbahaarey,Sorghum,Deyr,10-01,yield,,,,,,,,,,,,,0.2,0.198,0.307,0.1,0.1,0.19,,0.3,0.2,0.36,,0.147,,0.151,0.198,,0.8,0.4,0.4,0.5,0.5,,0.2,0.4,0.4,,
SO1990A22601,Somalia,Gedo,Garbahaarey,Sorghum,Gu,07-01,yield,,,,,,,,,,,,,,,,0.1,0.15,0.15,,0.2,0.1,0.1,0.1,0.1,,,,0.5,,,0.5,,0.3,0.3,0.3,0.5,,0.5,
SO1990A22602,Somalia,Gedo,Baardheere,Maize,Deyr,10-01,yield,,,,,,,,,,,,,0.628,0.503,0.741,0.796,0.9,0.7,1.0,1.0,0.5,0.7,0.4,0.3,0.9,0.3,0.4,0.8,0.8,0.762,0.7,0.8,0.7,0.7,,0.8,0.8,0.7,
SO1990A22602,Somalia,Gedo,Baardheere,Maize,Gu,07-01,yield,,,,,,,,,,,,,,0.575,1.318,0.748,0.8,0.7,0.6,0.4,0.6,0.6,0.6,0.6,0.649,0.5,0.4,0.9,0.8,0.8,0.8,0.7,0.7,0.7,0.7,0.6,0.7,0.6,0.8
SO1990A22602,Somalia,Gedo,Baardheere,Sorghum,Deyr,10-01,yield,,,,,,,,,,,,,0.15,0.113,0.118,0.2,0.15,0.25,0.3,0.5,0.3,0.5,0.15,0.4,0.6,0.1,0.3,,0.8,0.5,0.5,0.5,0.6,0.4,,0.4,0.4,0.3,
SO1990A22602,Somalia,Gedo,Baardheere,Sorghum,Gu,07-01,yield,,,,,,,,,,,,,0.305,0.109,0.714,0.1,0.1,0.2,0.1,0.2,0.1,0.16,0.159,0.3,0.1,0.2,0.1,0.4,,,0.6,0.4,0.35,0.25,0.3,0.5,,0.3,0.1
SO1990A22603,Somalia,Gedo,Beled-Xaawo,Maize,Deyr,10-01,yield,,,,,,,,,,,,,0.158,,0.5,0.599,0.5,0.4,1.0,0.6,0.3,0.6,0.4,0.267,0.7,,0.3,,0.7,0.7,0.5,0.5,0.7,0.7,0.7,0.7,,0.6,0.5
SO1990A22603,Somalia,Gedo,Beled-Xaawo,Maize,Gu,07-01,yield,,,,,,,,,,,,,,0.31,0.903,0.5,0.6,0.6,0.4,0.3,0.1,0.4,0.5,0.3,,0.15,0.313,0.507,0.6,,0.8,0.5,0.7,0.7,0.7,0.6,0.6,,
SO1990A22603,Somalia,Gedo,Beled-Xaawo,Sorghum,Deyr,10-01,yield,,,,,,,,,,,,,0.2,0.174,0.084,,,0.1,,0.1,0.1,0.08,,0.25,,0.2,,,0.7,,0.3,0.4,0.5,,0.3,0.4,0.4,,
SO1990A22603,Somalia,Gedo,Beled-Xaawo,Sorghum,Gu,07-01,yield,,,,,,,,,,,,,0.302,0.158,0.511,0.5,0.1,0.1,,,,,,,,,,,,,,,0.2,0.2,,0.5,,0.4,
SO1990A22605,Somalia,Gedo,Doolow,Maize,Deyr,10-01,yield,,,,,,,,,,,,,1.425,0.153,0.375,0.809,0.5,0.5,1.0,0.6,0.4,0.4,,0.25,0.7,,0.4,0.699,0.779,0.8,0.6,0.6,0.8,0.8,0.9,0.8,0.6,0.9,
SO1990A22605,Somalia,Gedo,Doolow,Maize,Gu,07-01,yield,,,,,,,,,,,,,,0.462,1.02,0.504,0.6,0.7,0.4,0.3,0.2,0.2,0.5,0.3,0.5,0.15,0.398,0.932,0.705,0.8,0.8,0.7,0.8,0.9,0.8,0.7,0.7,0.06,0.5
SO1990A22605,Somalia,Gedo,Doolow,Sorghum,Deyr,10-01,yield,,,,,,,,,,,,,,,0.028,,,0.1,,0.1,0.1,0.1,,0.248,,0.189,,,0.9,,0.3,0.5,0.5,,0.3,0.4,0.4,,
SO1990A22605,Somalia,Gedo,Doolow,Sorghum,Gu,07-01,yield,,,,,,,,,,,,,0.3,0.123,0.504,,,0.1,,,,,,,,,,,,,,,0.2,0.1,,0.4,,0.3,
SO1990A22606,Somalia,Gedo,Luuq,Maize,Deyr,10-01,yield,,,,,,,,,,,,,0.514,0.549,,0.88,0.6,0.6,1.0,0.7,0.4,0.6,0.4,0.292,0.6,,0.299,0.8,0.593,0.665,0.7,0.7,0.8,0.7,0.7,0.7,0.6,0.7,
SO1990A22606,Somalia,Gedo,Luuq,Maize,Gu,07-01,yield,,,,,,,,,,,,,,,,0.498,0.7,0.8,0.6,0.3,0.3,0.5,0.5,0.4,0.6,0.1,0.299,1.199,0.7,0.8,0.7,0.7,0.7,0.8,0.6,0.7,0.6,0.6,0.5
SO1990A22606,Somalia,Gedo,Luuq,Sorghum,Deyr,10-01,yield,,,,,,,,,,,,,0.8,0.174,0.126,,0.1,0.1,,0.1,0.1,0.1,,0.35,0.3,0.397,0.299,,0.8,0.3,0.4,0.5,0.5,,0.2,0.4,0.4,,
SO1990A22606,Somalia,Gedo,Luuq,Sorghum,Gu,07-01,yield,,,,,,,,,,,,,,,,0.5,0.1,0.2,0.01,,,,,0.1,0.1,,,0.7,,,0.3,0.3,0.3,0.3,0.3,0.4,,0.4,0.2
SO1990A22701,Somalia,Middle Juba,Bu'aale,Maize,Deyr,10-01,yield,,,,,,,,,,,,,0.323,0.582,0.7,0.669,0.7,0.3,1.0,0.6,0.4,0.5,0.2,,0.4,0.3,0.6,0.4,0.9,0.6,0.6,,0.6,0.5,0.6,0.483,,,
SO1990A22701,Somalia,Middle Juba,Bu'aale,Maize,Gu,07-01,yield,,,,,,,,,,,,,0.434,0.737,1.024,0.798,0.8,0.3,0.6,0.4,0.25,0.3,,0.15,0.1,0.19,0.7,1.0,0.391,0.4,1.0,0.5,0.5,0.5,0.7,0.8,0.4,,
SO1990A22701,Somalia,Middle Juba,Bu'aale,Sorghum,Deyr,10-01,yield,,,,,,,,,,,,,0.3,0.397,0.44,0.35,0.4,0.15,0.15,0.25,0.3,0.5,0.01,0.35,0.6,0.2,0.25,,0.6,0.6,0.2,0.2,0.5,0.2,0.2,0.4,0.6,0.15,
SO1990A22701,Somalia,Middle Juba,Bu'aale,Sorghum,Gu,07-01,yield,,,,,,,,,,,,,0.307,0.367,0.624,0.2,0.3,0.15,0.1,0.15,0.15,0.1,0.2,0.2,0.2,0.08,0.3,0.4,0.15,0.2,0.5,0.2,0.3,0.2,0.4,0.6,0.2,0.2,0.2
SO1990A22702,Somalia,Middle Juba,Jilib,Maize,Deyr,10-01,yield,,,,,,,,,,,,,0.605,0.409,0.286,0.611,0.7,0.6,1.0,0.6,0.4,0.6,0.2,,0.8,0.3,0.789,0.4,0.808,0.691,0.525,0.8,0.579,0.5,0.54,0.496,0.8,,
SO1990A22702,Somalia,Middle Juba,Jilib,Maize,Gu,07-01,yield,,,,,,,,,,,,,0.233,0.655,0.927,0.799,0.8,0.35,0.6,0.6,0.5,0.3,,0.15,0.8,0.5,0.671,0.892,0.35,0.486,0.9,0.5,0.5,0.5,0.682,0.8,0.4,,0.3
SO1990A22702,Somalia,Middle Juba,Jilib,Sorghum,Deyr,10-01,yield,,,,,,,,,,,,,0.5,0.171,0.016,0.25,0.4,0.4,0.35,0.2,,,,,,,,,,,,,,,,,,,
SO1990A22702,Somalia,Middle Juba,Jilib,Sorghum,Gu,07-01,yield,,,,,,,,,,,,,0.302,,,,0.3,0.4,0.3,0.151,0.05,,0.3,,,,,,,,,,,,,,,,
SO1990A22703,Somalia,Middle Juba,Saakow,Maize,Deyr,10-01,yield,,,,,,,,,,,,,0.585,0.866,0.7,0.675,0.6,0.7,1.0,0.6,0.4,0.4,0.2,,0.4,,0.5,0.4,0.9,0.9,0.3,,0.6,0.5,0.6,0.45,,,
SO1990A22703,Somalia,Middle Juba,Saakow,Maize,Gu,07-01,yield,,,,,,,,,,,,,0.432,0.449,1.038,0.797,0.7,0.5,0.6,0.5,0.15,0.2,,0.151,0.1,0.09,0.8,,1.0,0.8,0.5,0.4,0.6,0.5,0.7,0.8,0.4,,0.3
SO1990A22703,Somalia,Middle Juba,Saakow,Sorghum,Deyr,10-01,yield,,,,,,,,,,,,,0.5,0.386,0.71,0.3,0.49,0.3,0.15,0.25,0.3,0.6,0.01,0.35,0.6,0.25,0.25,,0.6,0.7,0.2,0.4,0.5,0.2,0.2,0.4,0.6,0.15,
SO1990A22703,Somalia,Middle Juba,Saakow,Sorghum,Gu,07-01,yield,,,,,,,,,,,,,0.307,0.317,0.629,0.2,0.25,0.15,0.25,0.15,0.2,0.2,0.2,0.2,0.1,0.08,0.65,0.5,,0.2,0.4,0.2,0.3,0.2,0.4,0.6,0.2,0.2,0.2
SO1990A22801,Somalia,Lower Juba,Kismaayo,Maize,Deyr,10-01,yield,,,,,,,,,,,,,0.078,0.548,0.501,0.643,0.4,0.4,1.0,0.7,0.4,0.4,,0.5,0.3,0.2,0.4,0.4,0.809,0.64,0.5,0.5,0.571,0.567,0.553,0.491,0.7,,
SO1990A22801,Somalia,Lower Juba,Kismaayo,Maize,Gu,07-01,yield,,,,,,,,,,,,,,,1.009,0.6,0.8,0.35,0.6,0.4,0.4,0.4,0.3,0.139,0.4,0.6,,1.0,0.9,,0.8,0.52,0.8,0.654,0.7,0.817,0.525,0.7,0.7
SO1990A22801,Somalia,Lower Juba,Kismaayo,Sorghum,Deyr,10-01,yield,,,,,,,,,,,,,,0.2,,,,,,,,,,,,,,,,,,,,,,,,,
SO1990A22802,Somalia,Lower Juba,Afmadow,Maize,Deyr,10-01,yield,,,,,,,,,,,,,,,0.7,0.5,0.4,0.271,1.0,0.5,0.3,0.543,0.267,,0.3,0.2,0.489,0.4,0.8,0.554,0.345,0.43,0.4,0.281,0.5,0.5,0.7,,
SO1990A22802,Somalia,Lower Juba,Afmadow,Maize,Gu,07-01,yield,,,,,,,,,,,,,,,,0.696,0.8,0.201,0.159,0.209,0.378,0.233,0.4,0.142,0.2,0.234,0.711,0.535,0.183,0.586,0.837,0.449,0.42,0.5,0.551,0.977,0.538,0.7,0.72
SO1990A22802,Somalia,Lower Juba,Afmadow,Sorghum,Deyr,10-01,yield,,,,,,,,,,,,,0.4,,0.7,,0.4,0.08,0.083,0.217,0.143,0.4,,0.35,,0.15,0.247,,0.6,0.319,0.2,0.2,0.3,0.2,,0.4,,,
SO1990A22802,Somalia,Lower Juba,Afmadow,Sorghum,Gu,07-01,yield,,,,,,,,,,,,,,,,,0.3,0.13,0.06,0.066,0.122,0.25,0.255,0.2,0.1,0.2,,0.327,0.157,0.2,0.4,0.2,0.3,0.2,0.45,0.5,0.4,,
SO1990A22803,Somalia,Lower Juba,Badhaadhe,Maize,Deyr,10-01,yield,,,,,,,,,,,,,,,0.4,,0.4,0.6,1.0,0.6,0.2,0.3,,0.5,0.3,0.2,0.5,,0.8,0.7,0.4,0.3,0.4,0.3,,0.4,,,
SO1990A22803,Somalia,Lower Juba,Badhaadhe,Maize,Gu,07-01,yield,,,,,,,,,,,,,,,,0.6,0.7,0.8,0.7,0.4,0.7,0.4,0.4,0.14,0.4,0.7,,0.6,,,0.8,0.5,0.3,0.3,0.6,1.5,0.3,,
SO1990A22803,Somalia,Lower Juba,Badhaadhe,Sorghum,Deyr,10-01,yield,,,,,,,,,,,,,,,,,0.4,0.3,0.2,0.2,0.1,0.6,,,,,,,0.6,0.6,,,,,,,,,
SO1990A22803,Somalia,Lower Juba,Badhaadhe,Sorghum,Gu,07-01,yield,,,,,,,,,,,,,,,,,0.3,0.4,0.3,0.1,0.1,0.15,0.4,,,,,,,,,,,,,,,,
SO1990A22804,Somalia,Lower Juba,Jamaame,Maize,Deyr,10-01,yield,,,,,,,,,,,,,0.592,0.406,0.283,0.663,0.6,0.4,1.0,0.6,0.4,0.4,,,0.1,,0.509,0.5,0.8,0.8,0.6,0.8,0.667,0.63,0.585,0.497,0.603,,
SO1990A22804,Somalia,Lower Juba,Jamaame,Maize,Gu,07-01,yield,,,,,,,,,,,,,0.546,0.618,0.93,0.796,0.671,0.35,0.6,0.6,0.5,0.2,0.56,0.14,0.7,0.85,,0.7,0.233,0.6,0.9,0.6,0.662,0.644,0.71,0.897,0.475,0.7,0.7
SO1990A22804,Somalia,Lower Juba,Jamaame,Sorghum,Deyr,10-01,yield,,,,,,,,,,,,,,,0.4,,,,,,,,,,,,,,,,,,,,,,,,
